ACSS2,ACLY,ACACA,FASN,SCD,ACSL1,SREBF1,sample_type
14.0419,13.4362,11.9841,13.2542,15.262,13.6308,12.3266,Metastatic
13.8884,14.1394,11.7925,14.7236,16.0651,12.1939,12.4402,Metastatic
13.8017,12.8963,10.2371,16.3994,15.4409,11.0754,13.9823,Metastatic
13.6853,12.9603,10.3139,14.2098,12.4397,10.2489,11.6404,Metastatic
13.0664,13.5465,12.7238,16.8197,14.4702,14.7791,12.7372,Metastatic
12.8995,12.8413,10.796,14.4073,12.0765,10.9127,10.3718,Metastatic
12.8898,12.8787,11.4857,14.1302,13.9358,11.6541,12.1995,Metastatic
12.8081,13.1864,11.4729,14.3131,15.1112,11.6136,11.7771,Metastatic
12.8065,11.7349,10.5567,12.8369,14.9039,9.6734,11.6406,Metastatic
12.6593,12.5805,10.3337,12.3978,11.4559,10.8086,11.5698,Metastatic
12.6501,13.7644,12.3915,14.058,15.5834,10.7369,12.7022,Metastatic
12.6348,13.5816,10.9693,14.2293,12.7122,11.1774,12.2987,Metastatic
12.5709,12.713,10.5646,15.1708,11.8594,10.9609,12.1131,Metastatic
12.5457,13.3856,10.8226,14.3881,14.0389,10.2224,13.1664,Metastatic
12.5424,14.0176,11.7912,15.7329,16.0257,12.9104,11.8519,Metastatic
12.5017,12.8705,11.0372,14.7515,13.9114,10.5115,12.2544,Metastatic
12.4933,13.3743,10.9258,13.2119,15.2899,10.682,11.7807,Metastatic
12.4914,12.6757,11.0629,13.3384,14.8,11.5185,11.7337,Metastatic
12.4511,12.3647,10.5426,12.3054,12.5419,11.6556,12.4132,Metastatic
12.3757,13.5104,11.1952,14.1236,15.7448,11.8201,12.2714,Metastatic
12.3467,12.6047,11.0202,14.2514,15.655,12.372,13.1368,Metastatic
12.2933,12.8764,9.7799,14.9234,13.5079,11.8651,13.0096,Metastatic
12.19,12.3192,10.1117,14.6968,14.9503,12.6774,13.2497,Metastatic
12.1696,13.4123,11.232,16.5289,15.5137,11.725,13.9438,Metastatic
12.1636,12.1766,10.7005,13.1216,15.2091,10.1227,13.251,Metastatic
12.1463,13.2264,11.6715,14.3779,15.4652,11.423,12.0896,Metastatic
12.1075,11.9643,9.8706,12.4142,14.211,10.4334,12.2295,Metastatic
12.0987,12.3296,11.2886,14.302,15.1166,11.2758,13.1543,Metastatic
12.0837,12.9086,11.2814,14.0535,13.2245,10.1315,11.9204,Metastatic
12.0281,12.9778,11.5432,14.1485,13.6895,10.6762,12.8231,Metastatic
12.0187,13.7579,11.3618,14.5432,14.7597,11.5148,12.8331,Metastatic
12.0044,13.4045,11.7876,15.4736,14.9277,11.1808,12.4736,Metastatic
11.9882,11.9662,9.5815,15.0049,13.2023,9.8097,13.1803,Metastatic
11.9115,13.7608,11.6781,14.8588,15.2146,11.6921,13.1359,Metastatic
11.903,13.6351,12.1418,17.3131,14.5021,11.8283,12.7049,Metastatic
11.8223,13.3301,11.2932,14.8696,13.3855,10.9183,10.855,Metastatic
11.8218,12.4579,11.2577,12.5996,12.4888,10.3944,11.3831,Metastatic
11.8145,13.6226,11.8134,15.311,16.6383,11.8979,13.8188,Metastatic
11.8125,13.2155,11.4661,14.423,14.3001,11.643,11.8972,Metastatic
11.8085,12.561,11.1526,13.5056,12.2538,11.0147,10.534,Metastatic
11.8066,13.6512,11.1505,14.9622,13.2845,11.0901,12.0862,Metastatic
11.7985,12.4351,10.2831,16.6777,14.761,12.7482,13.0579,Metastatic
11.7896,13.6303,11.6014,15.9942,14.4948,12.5927,13.0192,Metastatic
11.7877,13.7352,11.248,13.7745,12.611,9.4541,11.5106,Metastatic
11.7799,13.3376,11.5358,14.0402,12.7418,10.5156,10.0132,Metastatic
11.7554,11.6722,10.7041,13.6944,13.6139,9.5299,12.8068,Metastatic
11.7525,13.216,11.6554,14.4274,13.4307,10.8728,11.4361,Metastatic
11.748,12.6537,11.1708,14.8013,13.3184,10.616,11.2292,Metastatic
11.7451,12.9724,10.7655,14.0116,13.1355,11.5896,13.5911,Metastatic
11.7316,13.1661,11.7273,13.1055,14.6473,11.1622,11.054,Metastatic
11.7146,12.6356,10.7577,14.3497,14.6721,10.9812,12.8753,Metastatic
11.7141,12.8669,12.2226,12.4255,13.535,11.1764,14.0916,Metastatic
11.6952,12.6851,10.3944,12.7582,13.6538,10.8629,12.4377,Metastatic
11.6915,13.6398,11.6357,14.4918,14.5729,10.5658,11.1084,Metastatic
11.6891,13.0212,11.073,14.7074,15.8696,11.53,13.3485,Metastatic
11.6776,12.64,10.6572,12.616,12.3046,13.3584,10.9209,Metastatic
11.6525,12.7521,10.7717,12.9275,14.5737,11.3967,11.6664,Metastatic
11.651,12.3173,10.5396,13.7217,13.1142,13.7461,11.5297,Metastatic
11.6407,13.2192,11.7741,14.6844,14.515,11.7571,12.5169,Metastatic
11.6401,13.2444,11.4089,13.998,10.7305,9.537,12.4569,Metastatic
11.601,12.4329,10.9784,14.6326,15.0147,11.0182,12.4959,Metastatic
11.5846,12.6909,11.3567,13.5699,15.1676,12.889,12.1656,Metastatic
11.5745,12.9589,11.3027,13.4165,12.2173,11.5297,11.5472,Metastatic
11.5681,12.9882,10.6455,13.9681,11.7986,10.9917,11.6912,Metastatic
11.5487,13.3466,11.0664,12.9353,11.6867,10.3103,11.5816,Metastatic
11.5355,13.0173,11.0602,13.623,15.5693,12.0007,11.8579,Metastatic
11.5335,13.9152,12.2666,14.6142,15.2247,12.1127,13.5361,Metastatic
11.531,13.2742,11.0311,15.7057,13.1371,11.8949,12.0732,Metastatic
11.5309,12.0149,11.9331,15.0471,14.8147,10.6825,13.6799,Metastatic
11.525,12.6303,10.7879,13.7238,13.0512,11.7928,10.4472,Metastatic
11.5156,13.4061,11.7661,13.821,13.3514,10.1951,11.9899,Metastatic
11.5011,12.6594,11.2512,14.2052,13.791,11.2875,12.0448,Metastatic
11.4895,11.9311,10.3262,13.8233,14.8989,11.1943,13.6302,Metastatic
11.4866,12.7777,10.2515,13.7281,15.6686,11.0476,12.9892,Metastatic
11.4836,12.3168,10.1539,15.0328,14.4007,12.2199,12.4303,Metastatic
11.4702,12.1525,11.1994,12.2918,15.3313,11.4748,12.8713,Metastatic
11.4659,13.4934,11.3258,14.8131,15.1025,10.5953,11.9089,Metastatic
11.4413,12.8619,10.257,15.5344,15.3957,12.1639,12.801,Metastatic
11.4168,12.5826,10.4399,14.1421,13.5579,11.7572,11.6849,Metastatic
11.4108,12.6889,11.0348,16.352,14.5792,11.1123,11.5767,Metastatic
11.4059,13.1519,11.5778,15.4823,14.8355,11.0743,12.0032,Metastatic
11.3674,13.5067,11.6126,16.0254,14.9024,11.2489,13.021,Metastatic
11.3479,13.1047,12.0474,13.6951,13.6561,10.4299,12.5621,Metastatic
11.3452,13.0785,11.4141,15.5,14.7945,11.3187,12.3176,Metastatic
11.339,13.2341,11.0098,14.1335,15.0634,12.896,13.252,Metastatic
11.337,12.758,11.1077,14.2524,11.3767,10.5446,11.3761,Metastatic
11.3315,13.1803,11.1722,14.5092,15.0327,12.4698,13.85,Metastatic
11.3093,12.9999,11.0713,14.0645,14.7592,10.776,12.4334,Metastatic
11.2945,13.2798,10.7604,16.316,14.9454,12.4856,12.1038,Metastatic
11.2894,13.2923,12.1138,14.1632,14.6104,10.7078,10.756,Metastatic
11.2812,12.9986,12.1252,14.1424,13.6874,11.2752,13.2723,Metastatic
11.2755,11.4657,10.033,13.0477,16.0102,9.9575,13.6238,Metastatic
11.2707,13.6452,11.5158,14.6456,14.7351,10.5361,13.9663,Metastatic
11.2588,11.6349,9.8876,12.0632,13.206,12.3193,12.2837,Metastatic
11.2577,13.6408,9.9738,14.8238,14.8339,10.0779,13.1189,Metastatic
11.2563,13.0385,11.6261,16.1222,14.0993,12.2895,11.754,Metastatic
11.2496,13.3404,12.0389,15.1953,14.0414,10.7791,10.9674,Metastatic
11.2495,12.8936,12.007,13.1364,14.8091,10.0815,11.7197,Metastatic
11.2472,12.9902,11.8005,13.2141,13.0829,10.6527,11.5536,Metastatic
11.2393,11.8208,10.3124,13.1883,14.9281,11.896,13.7486,Metastatic
11.2339,12.2561,10.7279,13.6137,13.8978,9.5968,12.6647,Metastatic
11.2327,12.7753,11.1533,13.5861,14.8405,11.9623,12.051,Metastatic
11.2221,12.6708,9.9901,13.1694,13.0267,10.7836,11.9607,Metastatic
11.2163,13.6375,12.0823,15.4132,13.1182,11.7063,12.919,Metastatic
11.1886,13.5947,11.9295,15.5388,14.1174,11.2614,12.2349,Metastatic
11.1784,12.7821,10.6078,14.1799,15.7158,11.3775,12.6564,Metastatic
11.1761,13.5219,10.8642,11.3459,14.2603,10.3991,11.4215,Metastatic
11.1615,14.0635,11.6269,13.4233,13.5496,11.0942,12.0146,Metastatic
11.1611,13.6283,11.3401,15.6975,15.0133,9.5845,12.5222,Metastatic
11.16,12.0403,10.1997,13.138,14.6704,10.7459,12.204,Metastatic
11.1582,14.0765,11.3966,14.1145,14.5131,10.478,11.224,Metastatic
11.1498,13.1883,10.8125,12.9842,14.1476,11.4926,13.4277,Metastatic
11.1486,12.3742,10.2693,14.1297,14.5408,12.2381,11.2288,Metastatic
11.1475,13.3026,11.5143,15.2796,14.5325,11.4248,12.4985,Metastatic
11.1361,12.6358,10.8771,14.1401,13.9944,10.576,12.3276,Metastatic
11.1344,13.1377,11.9768,15.0716,15.6353,11.2382,12.0349,Metastatic
11.1297,12.8063,10.8571,15.8221,15.5737,12.1165,12.7914,Metastatic
11.1257,13.3373,11.5581,14.1095,15.4294,10.9198,11.7741,Metastatic
11.1245,13.1939,11.3966,14.9547,13.8513,11.3092,13.4751,Metastatic
11.1217,13.1133,11.7972,15.7653,14.7962,10.7039,11.9769,Metastatic
11.1192,13.0119,11.0702,13.7947,13.2541,11.16,12.2092,Metastatic
11.1175,13.6864,11.723,13.5539,14.2572,11.2159,11.0428,Metastatic
11.1013,13.8557,11.7056,14.8487,13.1318,7.3566,11.927,Metastatic
11.1002,12.6787,10.6077,12.4519,16.8882,12.2127,12.6077,Metastatic
11.0825,13.0458,11.1575,13.9658,14.9616,12.3125,12.7585,Metastatic
11.0812,14.8417,12.1948,15.0408,16.089,11.5528,12.0951,Metastatic
11.0754,11.6167,9.525,13.8365,13.68,9.7381,11.2236,Metastatic
11.0747,13.2502,11.6153,14.4871,15.9509,10.7921,12.6687,Metastatic
11.0714,13.9293,11.9375,13.3436,14.1447,12.1625,12.607,Metastatic
11.0692,13.6541,11.1292,14.9051,13.0973,12.4697,10.7856,Metastatic
11.052,12.193,11.0747,15.0242,13.9783,11.1253,12.7447,Metastatic
11.0483,12.8133,10.6884,13.7617,13.8159,10.7451,12.0527,Metastatic
11.0471,12.0455,10.4907,13.0376,14.5275,11.2108,12.0683,Metastatic
11.0452,12.9616,11.3914,12.5053,12.185,10.1798,11.5462,Metastatic
11.0296,13.2603,10.9423,14.8911,14.4311,12.1299,12.7096,Metastatic
11.0295,13.0295,11.9482,14.8884,15.9934,12.8937,13.3556,Metastatic
11.0259,12.6697,10.8591,12.5894,14.4192,10.848,11.4913,Metastatic
11.0237,13.027,10.704,14.4868,13.8933,10.9056,11.4648,Metastatic
11.0232,12.8001,11.004,14.1371,13.7596,11.3137,12.1779,Metastatic
11.0217,11.847,9.8765,12.2456,13.509,11.3219,12.5702,Metastatic
11.018,13.8078,11.8934,16.112,14.3046,9.4742,12.3016,Metastatic
11.0172,13.2045,11.2843,13.9292,15.8023,11.5428,11.7742,Metastatic
11.0146,13.6652,12.2627,14.511,14.6058,11.1311,11.0413,Metastatic
11.0091,12.1423,11.1882,11.5326,13.351,11.2432,9.9937,Metastatic
11.0009,12.9505,11.0343,14.854,14.0864,11.6873,13.3047,Metastatic
10.9963,13.0477,10.5482,15.7581,11.9222,10.7978,12.4296,Metastatic
10.9956,13.095,11.4002,14.3359,15.3049,11.8852,14.0065,Metastatic
10.9941,14.0345,12.0865,13.2263,15.7945,11.4835,13.4838,Metastatic
10.9822,13.0855,11.2525,14.2705,14.4099,9.9123,12.0642,Metastatic
10.9821,13.1803,11.1568,14.6885,15.8831,12.2826,12.153,Metastatic
10.98,12.8527,10.7458,13.0301,12.973,11.4413,12.4137,Metastatic
10.9797,12.7947,10.9886,12.9059,13.4798,11.0564,12.7672,Metastatic
10.9787,13.1128,10.2049,13.6164,14.8757,11.5507,12.032,Metastatic
10.9772,12.381,10.0326,15.8881,14.216,11.2818,12.2265,Metastatic
10.964,12.5703,9.8884,14.4734,15.4574,10.1755,13.1597,Metastatic
10.9502,13.5742,12.1886,16.3948,14.2969,11.4606,11.5876,Metastatic
10.95,12.5304,10.4801,15.7737,14.4653,11.8069,12.2157,Metastatic
10.9449,13.1214,11.54,12.5503,15.0135,11.6258,12.6055,Metastatic
10.9439,13.4797,11.7179,12.9005,15.1006,10.7749,11.5837,Metastatic
10.9323,13.227,11.1201,15.509,14.5456,10.9179,11.1739,Metastatic
10.9284,13.5023,11.6197,14.0225,14.7731,10.907,11.5864,Metastatic
10.9281,12.8574,11.9295,14.591,15.1852,9.7973,13.2723,Metastatic
10.9217,13.0199,12.0232,15.5686,14.1369,10.4719,11.3676,Metastatic
10.9215,13.0636,11.6456,12.9056,12.1452,9.6669,9.0858,Metastatic
10.8992,12.1496,10.9438,14.2093,14.5578,10.737,11.4368,Metastatic
10.8875,13.992,10.72,14.4997,14.1426,10.7289,13.1704,Metastatic
10.8824,14.0411,11.7943,15.677,15.2328,12.7416,12.6724,Metastatic
10.8812,12.9682,11.0305,12.9528,13.2479,10.5785,11.9252,Metastatic
10.8681,12.474,10.63,14.449,14.2134,10.2382,11.6383,Metastatic
10.8633,13.8484,12.1283,15.8965,14.3183,11.7485,11.1353,Metastatic
10.8626,12.2901,11.2058,13.6662,15.8751,11.3772,12.6268,Metastatic
10.855,13.8505,12.0191,15.6841,16.0992,10.0464,13.2716,Metastatic
10.8498,12.6582,10.9624,12.8537,12.6053,11.4375,11.0882,Metastatic
10.8465,13.7634,11.9466,13.3459,14.6896,11.5464,11.7147,Metastatic
10.8457,12.2173,10.6191,12.3569,14.6689,11.3699,13.0342,Metastatic
10.8415,13.3247,11.0735,14.7758,15.5368,11.9272,13.0259,Metastatic
10.841,12.2721,10.3433,12.9212,14.2408,12.7046,11.1745,Metastatic
10.8361,13.3685,11.7792,11.9389,14.6597,9.7517,10.8277,Metastatic
10.8357,13.5755,11.9157,13.045,15.738,10.7541,11.6472,Metastatic
10.8344,13.0102,10.5075,13.1587,14.6289,11.7587,13.3681,Metastatic
10.8335,12.6661,10.8395,15.5291,14.3664,12.2874,11.3192,Metastatic
10.8329,13.1405,11.658,14.408,14.6486,10.1029,12.6213,Metastatic
10.8316,12.7423,10.1818,13.5243,15.0208,11.7912,11.3087,Metastatic
10.8311,13.4281,11.4586,14.9996,14.771,9.7279,13.0001,Metastatic
10.8215,13.1611,11.8304,15.829,15.1781,11.3588,14.7161,Metastatic
10.7986,12.534,10.2932,15.1898,14.192,10.6558,12.8346,Metastatic
10.7976,13.0731,11.5738,14.5604,14.9351,11.3355,11.7469,Metastatic
10.7949,12.4983,10.6154,12.4648,13.7674,11.588,12.7228,Metastatic
10.7757,12.7941,11.1706,14.0854,14.734,11.8329,11.2818,Metastatic
10.7684,12.4309,10.365,12.6439,13.1017,10.4432,12.072,Metastatic
10.7677,12.4004,10.1689,13.6937,15.0714,13.1031,11.4098,Metastatic
10.7616,13.4477,11.769,14.2359,12.0205,10.056,10.6081,Metastatic
10.761,13.7244,12.0669,14.8047,14.1062,10.9595,12.1281,Metastatic
10.754,12.398,10.6293,12.734,14.6276,12.286,13.6514,Metastatic
10.7532,13.2745,11.5142,13.9265,14.9878,11.7431,12.4036,Metastatic
10.7443,12.8947,11.0296,15.4352,14.7277,10.1277,12.3065,Metastatic
10.7285,13.4763,11.2728,16.6531,15.3024,12.0112,11.7093,Metastatic
10.7187,12.9633,11.6089,13.6234,17.3571,11.0209,13.0727,Metastatic
10.7155,13.4209,11.2051,14.9549,14.9731,12.2563,10.9202,Metastatic
10.7141,12.9918,11.3278,13.5483,11.9442,10.0102,11.1322,Metastatic
10.7129,12.7148,11.0464,13.4401,13.3085,9.9253,12.1876,Metastatic
10.7108,12.2928,9.9011,12.2466,15.0505,12.7602,12.0959,Metastatic
10.7077,13.825,11.2775,14.2237,15.4974,11.8759,13.011,Metastatic
10.6934,12.6082,10.1604,12.6979,14.2083,10.0507,11.862,Metastatic
10.6857,12.3152,11.5158,14.0657,13.9795,11.3381,10.2585,Metastatic
10.6817,13.0646,11.3671,14.5374,13.5442,10.4101,11.794,Metastatic
10.6619,12.439,11.5147,15.9316,14.5042,11.2538,12.6953,Metastatic
10.6476,11.9982,9.4387,13.5999,14.5213,11.5369,12.7617,Metastatic
10.6373,13.3919,11.4436,15.832,14.908,12.923,12.697,Metastatic
10.6342,13.634,11.4914,13.5462,13.0777,10.2615,11.8854,Metastatic
10.609,12.6666,10.8673,13.6803,12.996,10.7359,12.3063,Metastatic
10.6089,13.3801,11.5844,14.0845,14.7029,12.0672,11.0647,Metastatic
10.5965,12.8393,10.8764,12.0747,14.2612,11.4635,12.5576,Metastatic
10.595,13.1022,11.2865,14.7564,15.5258,11.5209,12.7945,Metastatic
10.5924,12.6375,10.7843,15.152,13.3387,11.9849,11.3767,Metastatic
10.5877,12.8604,11.0458,13.0036,13.2513,12.0152,12.6579,Metastatic
10.5745,12.6658,9.868,13.5111,13.4666,11.338,11.1508,Metastatic
10.5639,13.3532,11.5652,13.9878,14.6456,11.8808,10.6199,Metastatic
10.5558,12.4416,10.4661,13.2271,12.9468,10.8186,13.2084,Metastatic
10.5541,13.6707,10.8851,16.1538,14.7351,11.6259,12.9662,Metastatic
10.549,13.5288,11.4094,13.7076,13.7502,11.091,10.816,Metastatic
10.5431,12.9905,10.622,13.7093,12.646,11.6818,12.0595,Metastatic
10.5413,13.0142,10.9725,14.544,13.2186,10.7559,12.0811,Metastatic
10.5349,12.9136,10.9413,13.5191,13.8491,10.8574,12.2884,Metastatic
10.5198,12.5148,10.5224,12.369,15.6895,11.1796,13.2902,Metastatic
10.5189,13.1807,11.0858,16.0562,15.7822,11.8729,11.7065,Metastatic
10.5185,13.3933,11.8432,14.0766,15.4199,11.6635,13.0445,Metastatic
10.5181,13.4145,11.3267,12.5651,14.4035,11.1496,11.1468,Metastatic
10.5111,12.0157,10.9212,13.1116,14.8503,10.9497,12.2802,Metastatic
10.5068,13.4734,11.0629,13.2929,12.4872,10.784,11.7394,Metastatic
10.4916,13.0023,11.0835,14.676,13.9076,10.9741,12.0926,Metastatic
10.4841,11.6785,10.4475,11.9658,14.5919,10.7295,11.49,Metastatic
10.4837,13.7342,11.8009,14.4699,14.1307,9.628,12.1443,Metastatic
10.4837,13.5276,11.1074,14.142,15.8126,11.4297,12.17,Metastatic
10.4818,12.3465,11.0335,13.8051,16.0694,10.0563,13.3904,Metastatic
10.4771,13.5031,11.9147,13.9572,13.5236,10.1696,10.9477,Metastatic
10.4626,12.1123,10.8615,12.1216,15.5566,11.1833,11.8353,Metastatic
10.4501,12.8568,11.3104,13.8673,14.2836,11.4625,12.9126,Metastatic
10.4499,12.8606,11.3534,14.5503,15.4464,11.9707,12.3669,Metastatic
10.4465,13.2465,11.4562,13.5073,15.0752,12.1799,12.2876,Metastatic
10.427,12.4556,10.4844,12.3078,11.6107,10.6219,11.0449,Metastatic
10.4233,12.5031,10.6687,13.1257,15.1198,10.6433,14.1354,Metastatic
10.4218,13.3521,11.5937,14.6176,14.3012,12.8541,10.3467,Metastatic
10.4154,13.0928,11.6949,13.2149,13.7807,11.5533,11.6312,Metastatic
10.4121,13.4585,11.6385,17.2832,15.1483,11.5114,11.1782,Metastatic
10.4099,13.1856,11.4832,16.0183,16.0607,12.1808,13.6784,Metastatic
10.4087,12.2228,10.4818,13.9092,13.2508,11.2832,11.8324,Metastatic
10.4082,13.1106,11.516,13.3442,15.8573,11.5118,13.7494,Metastatic
10.4081,13.14,11.3766,13.2052,14.1683,11.8863,11.7478,Metastatic
10.3882,13.6364,12.0679,14.1295,14.859,10.6858,12.1818,Metastatic
10.3869,13.3623,12.1281,13.9,14.8739,11.6968,11.9228,Metastatic
10.3747,13.5495,10.9746,14.1421,15.4747,11.871,13.538,Metastatic
10.3503,12.2059,10.4585,16.1403,15.1951,12.5777,11.4768,Metastatic
10.3491,12.6939,10.2844,12.5047,15.1836,11.9304,14.0387,Metastatic
10.3445,13.9814,11.7981,15.3544,14.8402,11.9813,13.107,Metastatic
10.3377,12.7303,10.9082,8.8437,13.4718,12.0623,9.0302,Metastatic
10.3297,13.865,11.2125,15.1526,16.5955,12.055,12.6011,Metastatic
10.3285,13.0359,11.2063,13.0675,15.0255,12.1474,12.3428,Metastatic
10.3271,13.1492,11.5059,14.0022,15.196,12.2534,12.3816,Metastatic
10.3252,13.2686,10.0852,12.3113,15.6522,12.6572,12.469,Metastatic
10.3223,12.9451,10.9128,14.6011,14.3779,11.7879,13.0256,Metastatic
10.3039,13.2766,11.5266,12.1005,11.9261,10.4419,11.947,Metastatic
10.3039,12.8345,11.0138,10.7959,14.3713,10.541,10.7326,Metastatic
10.2992,12.8234,10.9374,13.1598,11.1378,9.9076,12.849,Metastatic
10.2944,12.8055,11.2091,14.3093,13.727,11.5206,10.4745,Metastatic
10.294,12.8761,10.3838,13.2709,13.9468,12.6673,12.2198,Metastatic
10.2938,12.8478,11.0945,13.5112,11.9816,9.8208,11.5376,Metastatic
10.2929,13.8211,11.062,16.2228,15.6048,11.2959,12.081,Metastatic
10.2902,12.309,10.4887,13.8167,14.1908,11.6681,12.2894,Metastatic
10.2891,13.4125,11.5741,15.8297,14.5392,10.4917,11.1669,Metastatic
10.2882,13.7478,11.5297,14.7451,15.0157,11.7687,11.2406,Metastatic
10.2857,12.4482,10.1298,12.2567,12.3939,11.418,12.6521,Metastatic
10.2839,12.864,11.0213,13.5887,14.8017,11.2137,12.7638,Metastatic
10.2837,12.5953,10.3886,14.4146,17.3075,12.5487,12.4885,Metastatic
10.2686,13.1107,11.0491,14.7611,15.4386,12.5748,12.7434,Metastatic
10.2619,14.4536,12.291,15.4296,15.0188,10.3737,11.461,Metastatic
10.2607,13.107,11.5569,15.3606,14.3724,10.9476,11.6351,Metastatic
10.2574,13.4313,11.1693,14.2397,14.7895,12.5284,12.9126,Metastatic
10.2511,12.7059,10.7043,12.5598,15.4944,10.4065,11.7867,Metastatic
10.2326,13.9298,11.6272,13.5611,13.3848,11.2017,11.6853,Metastatic
10.2299,12.6533,10.8313,14.0338,14.3402,12.2793,12.2767,Metastatic
10.2298,13.9617,12.3376,13.8829,15.658,11.9048,12.098,Metastatic
10.2269,13.3651,11.7272,14.3049,14.044,10.8503,12.4187,Metastatic
10.2077,12.1377,10.7752,13.44,12.5688,9.8292,13.4869,Metastatic
10.2052,12.7854,10.5264,12.7157,13.6083,10.2016,12.2735,Metastatic
10.2026,13.2012,11.3977,13.9569,13.5366,10.9245,11.7054,Metastatic
10.2014,11.4346,8.9837,13.0439,14.2969,9.5788,12.9531,Metastatic
10.1996,13.7543,12.0307,15.1214,14.8925,11.5508,12.5331,Metastatic
10.198,12.9275,10.9988,12.3861,12.9317,9.1332,11.7356,Metastatic
10.1784,13.5735,11.0244,15.8613,15.9268,11.3229,13.24,Metastatic
10.1622,13.0205,10.4764,13.9248,14.8145,11.918,11.8054,Metastatic
10.1599,12.5651,10.409,13.284,13.1112,10.3526,12.8944,Metastatic
10.1363,13.5673,11.2512,12.9681,12.3036,10.8022,11.8148,Metastatic
10.133,12.9678,11.3535,14.6201,15.2544,10.4768,12.2518,Metastatic
10.1323,14.0046,12.4968,14.3031,16.4538,12.5994,12.7793,Metastatic
10.1265,12.7901,11.1739,10.9385,13.2679,11.1183,11.0358,Metastatic
10.1255,12.8803,10.2084,13.3665,14.7992,10.1124,12.6995,Metastatic
10.1244,13.1313,10.7798,12.9134,14.6264,11.7407,12.8607,Metastatic
10.1208,13.3153,10.6959,13.4421,15.3768,12.2368,11.9195,Metastatic
10.11,14.0941,12.2812,13.9569,13.4585,9.9832,11.0048,Metastatic
10.1097,12.3036,11.2935,13.6024,15.192,13.0462,11.4936,Metastatic
10.1079,13.4386,11.9822,14.3121,14.9793,10.5193,12.5898,Metastatic
10.1,12.5542,11.0005,13.7948,15.553,11.8481,12.4325,Metastatic
10.0939,13.3968,11.9117,13.5143,11.6665,10.545,10.6485,Metastatic
10.0923,13.7602,11.737,14.9374,13.5007,10.0653,12.7013,Metastatic
10.0741,13.1367,11.6977,13.8978,14.0378,12.4858,11.0533,Metastatic
10.0739,13.6998,11.9548,14.2326,13.5792,10.8991,11.6283,Metastatic
10.0725,13.5716,12.3129,14.1232,14.2233,10.6562,11.5637,Metastatic
10.0622,13.3514,11.4204,14.6062,14.3001,11.3229,11.7916,Metastatic
10.0366,12.4917,10.237,12.4406,12.5643,10.8527,11.6679,Metastatic
10.0265,13.8957,11.5558,14.0168,14.8699,11.0131,11.1104,Metastatic
10.0217,13.2907,11.1661,13.4257,13.6886,10.0015,10.9016,Metastatic
10.008,13.4421,12.0231,15.6679,15.4964,11.4304,13.2573,Metastatic
10.0078,12.8781,11.5896,15.0897,14.0389,11.1365,10.8729,Metastatic
9.9889,13.4237,11.3485,13.064,15.0105,12.2416,12.3676,Metastatic
9.9831,12.6412,10.8983,15.275,14.6533,11.3297,12.2,Metastatic
9.9788,13.5474,11.6633,15.0047,14.9388,11.7898,10.9071,Metastatic
9.9667,13.2399,10.6271,12.4326,13.6747,12.0125,12.8185,Metastatic
9.9658,12.5521,10.1512,12.1111,12.5312,11.2532,10.8415,Metastatic
9.937,12.5375,10.8736,12.2735,14.587,11.9821,12.1729,Metastatic
9.8994,13.0053,11.8506,14.54,14.8327,11.5313,10.9761,Metastatic
9.8629,13.7551,11.8254,14.1547,13.2727,11.0638,12.2303,Metastatic
9.8556,12.7534,11.1198,11.1016,15.0733,10.6329,9.7372,Metastatic
9.8533,12.9695,11.265,11.9979,14.664,11.4069,11.1603,Metastatic
9.8522,13.1883,11.4471,13.3305,11.5078,10.0291,11.2931,Metastatic
9.8326,13.739,11.6777,13.7235,14.5574,11.6062,12.2231,Metastatic
9.8264,12.742,10.0848,12.2437,12.6648,10.9656,12.4883,Metastatic
9.8206,13.4044,11.6186,13.6205,14.2068,11.8167,11.6747,Metastatic
9.8198,12.9621,10.4781,14.0518,13.497,11.0576,11.9629,Metastatic
9.8123,13.1622,10.7566,12.6766,11.2094,10.9858,10.6458,Metastatic
9.8093,13.5442,11.9425,14.9125,12.4282,9.9696,11.9349,Metastatic
9.8065,13.5406,10.6918,12.7083,13.159,11.1763,12.1192,Metastatic
9.793,14.8632,11.7925,13.1709,13.6747,11.5259,11.787,Metastatic
9.7709,12.9686,11.6921,13.979,12.4178,9.5407,11.1785,Metastatic
9.7675,12.7684,10.6065,11.1676,12.4273,10.3473,11.3334,Metastatic
9.7649,12.8313,11.3921,12.3469,13.3315,10.5842,11.5558,Metastatic
9.7363,13.1142,10.3458,13.5003,14.0396,11.513,12.0815,Metastatic
9.735,12.3457,10.5303,11.8988,14.0024,11.1463,11.6557,Metastatic
9.7313,14.1189,12.1867,14.6291,13.9841,10.5943,13.1672,Metastatic
9.7275,12.4189,10.9847,14.0847,14.4109,10.1309,14.855,Metastatic
9.7182,12.6974,11.0738,14.4615,15.621,12.5911,12.2396,Metastatic
9.7068,12.0556,9.4842,10.2497,10.7067,9.9967,10.9364,Metastatic
9.7013,12.9603,10.3788,13.9488,12.6466,11.0408,12.4205,Metastatic
9.6874,12.9094,10.983,14.2503,13.0009,10.3328,10.7739,Metastatic
9.6715,13.8184,11.5883,14.6641,13.8468,10.8568,11.9018,Metastatic
9.6691,13.2302,11.5089,13.5932,15.2801,12.9543,12.2745,Metastatic
9.6574,12.887,11.9763,13.708,13.0991,10.3641,12.1364,Metastatic
9.6539,13.285,9.8774,13.2085,14.1537,9.919,11.8272,Metastatic
9.6379,13.1538,11.4431,14.7172,14.7643,10.9979,11.3163,Metastatic
9.6351,13.2788,11.9161,13.7926,15.0278,11.1061,12.6974,Metastatic
9.6344,13.2266,10.4758,12.4542,10.3474,10.3217,11.0203,Metastatic
9.6176,13.2947,11.3598,12.5999,12.7981,10.8817,11.9758,Metastatic
9.5653,12.5832,10.1184,11.9314,11.5774,10.6094,11.4885,Metastatic
9.5109,13.0992,11.0831,14.6453,14.5259,10.6629,11.2043,Metastatic
9.4613,13.0077,10.8695,13.106,12.0038,11.4719,11.2305,Metastatic
9.4567,13.055,10.7584,10.0852,13.3463,11.1834,10.0529,Metastatic
9.3935,12.6863,10.7249,12.4385,12.5577,10.4658,12.2823,Metastatic
9.39,13.4756,12.0153,12.5909,14.4104,10.6675,11.6988,Metastatic
9.384,14.0256,11.3034,14.4493,15.4046,10.9536,11.3097,Metastatic
9.3663,13.6994,12.9161,16.3072,15.003,11.674,12.1479,Metastatic
9.2533,13.5307,12.3214,14.3779,14.2416,11.1181,12.0469,Metastatic
9.2293,12.6465,10.5547,12.5959,11.8601,10.9009,11.0942,Metastatic
9.0143,12.905,10.5349,13.302,14.5626,11.6174,11.9567,Metastatic
8.9853,12.5099,11.3682,14.855,12.1001,9.2042,11.4149,Metastatic
8.9058,12.6857,11.2149,15.2103,15.021,11.7936,13.6394,Metastatic
8.8903,14.1837,11.6094,13.5479,14.4229,10.1837,11.4696,Metastatic
8.8722,13.6412,12.1274,12.8757,13.176,10.5674,12.1985,Metastatic
13.4897,12.6221,12.1871,17.0849,11.4695,15.4447,13.6089,Normal Tissue
13.0198,12.1604,11.2949,16.1879,12.2311,15.3811,12.74,Normal Tissue
12.8584,12.8573,12.2272,16.3528,12.4348,14.8065,12.9787,Normal Tissue
12.795,12.1342,11.3743,16.201,13.1178,14.7321,13.5415,Normal Tissue
12.7812,12.462,11.6828,15.883,12.0487,13.7789,14.1017,Normal Tissue
12.7757,12.5622,11.8994,16.2988,11.0277,14.5296,13.1673,Normal Tissue
12.7244,13.2047,11.7022,16.2047,15.4199,14.5576,13.8609,Normal Tissue
12.7099,12.577,11.7407,16.0578,12.0179,14.4354,13.2189,Normal Tissue
12.6988,13.2406,12.0586,16.1856,15.514,14.7039,14.3539,Normal Tissue
12.6765,11.8823,11.4588,15.7649,11.2285,13.7883,12.6916,Normal Tissue
12.6678,12.0796,11.8776,16.3756,13.2448,14.6546,13.8273,Normal Tissue
12.6105,12.2419,11.8618,16.2134,12.4368,15.0606,12.7449,Normal Tissue
12.5832,11.6278,10.8945,16.1032,12.0602,14.5266,13.2049,Normal Tissue
12.5348,12.3546,11.5491,15.4163,14.0903,13.9381,13.4619,Normal Tissue
12.5345,11.845,10.9483,15.6012,10.0325,14.2458,12.7871,Normal Tissue
12.4876,11.5921,11.3732,16.5785,10.6044,14.9598,13.3123,Normal Tissue
12.4749,11.5119,10.9077,15.3352,10.4765,14.2884,12.2613,Normal Tissue
12.4709,12.3958,11.5306,14.718,12.8944,13.8122,13.4108,Normal Tissue
12.4681,12.01,10.8777,14.6167,10.6788,13.5957,13.0558,Normal Tissue
12.4678,11.6226,11.2413,15.8705,13.6138,14.9193,12.3735,Normal Tissue
12.4553,12.6985,12.0121,15.5143,13.2269,14.2244,13.0553,Normal Tissue
12.4473,12.4357,11.0662,15.9971,15.6071,15.3714,12.8608,Normal Tissue
12.3963,11.9629,11.7467,16.1465,11.8718,14.5817,13.548,Normal Tissue
12.3918,12.1137,11.7782,15.4272,11.9459,13.1792,13.4662,Normal Tissue
12.3848,12.6489,11.7751,15.185,14.7703,14.3468,13.2266,Normal Tissue
12.3819,11.758,11.1393,14.9938,11.6924,13.932,13.1332,Normal Tissue
12.3766,11.8437,11.7838,15.7018,11.1242,14.4325,12.4753,Normal Tissue
12.3461,12.0185,11.9564,14.2611,11.6369,13.6724,12.8218,Normal Tissue
12.3178,12.2334,11.857,14.5974,11.7829,13.1405,13.389,Normal Tissue
12.3112,12.756,12.0061,14.8685,14.1408,13.8353,13.0212,Normal Tissue
12.2849,12.1159,11.4113,14.7828,13.5316,13.6374,13.575,Normal Tissue
12.2725,11.9119,11.0875,15.1224,11.2987,13.7949,12.3241,Normal Tissue
12.2676,11.7427,11.3608,15.4644,11.7525,13.7479,13.6811,Normal Tissue
12.255,11.6305,11.0314,15.4408,12.8087,15.0278,12.1858,Normal Tissue
12.2502,11.3048,10.8494,15.6467,9.9653,13.9079,12.6331,Normal Tissue
12.243,12.4353,11.5966,13.4874,11.3832,13.6521,12.0993,Normal Tissue
12.2363,11.6815,11.0273,14.5895,12.0412,13.6422,12.7526,Normal Tissue
12.2276,12.8428,12.1196,15.1836,13.25,13.5853,13.421,Normal Tissue
12.2276,11.9967,11.2415,14.8857,11.7993,13.7362,13.3332,Normal Tissue
12.2179,11.7842,10.7636,14.1702,11.3724,13.1316,12.7378,Normal Tissue
12.2139,11.9405,11.5403,15.3558,10.8444,14.6357,12.3829,Normal Tissue
12.2001,12.4816,11.6018,14.766,13.0915,13.6306,14.0242,Normal Tissue
12.1895,11.9815,11.5157,15.9228,11.5517,14.8843,12.6495,Normal Tissue
12.1799,11.9717,11.3918,14.1844,10.8391,13.5779,12.9682,Normal Tissue
12.1751,11.7833,11.2734,14.4426,11.8406,13.6765,12.3087,Normal Tissue
12.1585,12.7795,11.6345,15.43,14.7444,13.3594,13.0397,Normal Tissue
12.1541,11.9465,11.5463,14.169,12.1401,13.291,13.4912,Normal Tissue
12.1514,11.657,11.4564,15.8382,10.1285,14.9321,11.9484,Normal Tissue
12.1475,11.6524,11.7935,15.5086,11.1619,13.7889,13.2042,Normal Tissue
12.134,11.5677,11.795,13.939,11.6656,13.7483,12.7998,Normal Tissue
12.1332,12.205,10.8924,13.1124,11.6811,13.4497,12.6126,Normal Tissue
12.1132,11.6992,11.4158,15.7271,11.6167,14.2723,12.9781,Normal Tissue
12.0941,13.1695,11.3601,15.3549,15.7712,13.3425,13.4158,Normal Tissue
12.0893,11.8828,11.3649,14.9938,11.3627,13.6657,12.7757,Normal Tissue
12.0844,12.2384,11.5822,14.8457,12.4193,13.7009,12.6023,Normal Tissue
12.084,11.8466,11.4345,15.7178,10.1671,13.952,12.9349,Normal Tissue
12.0777,12.5087,11.458,15.8834,14.5835,14.3605,13.1244,Normal Tissue
12.0699,11.9852,11.4109,14.4809,11.4582,13.3099,12.8512,Normal Tissue
12.0664,12.1681,11.4195,14.8815,12.059,13.8503,12.3882,Normal Tissue
12.0597,11.932,11.1588,14.6254,10.9736,13.8281,12.3692,Normal Tissue
12.0522,11.9373,11.0447,14.4821,13.4282,13.7168,12.805,Normal Tissue
12.0483,11.1086,10.5223,13.9128,10.7466,12.8741,12.0563,Normal Tissue
12.0434,11.2484,10.7339,13.2415,10.7062,13.5479,11.9331,Normal Tissue
12.0345,11.7692,11.2714,12.8699,11.2245,13.7585,11.8356,Normal Tissue
12.0336,11.1405,10.6947,14.368,11.0292,13.4971,12.67,Normal Tissue
12.0312,11.77,11.0856,14.9446,11.4567,14.0218,12.624,Normal Tissue
12.0224,11.5628,11.1836,13.513,11.3406,13.3643,12.7859,Normal Tissue
12.0215,11.84,11.1593,14.2511,14.04,13.3255,12.8133,Normal Tissue
12.0192,11.5327,10.7591,14.0812,11.35,12.9958,13.4176,Normal Tissue
12.0186,12.2726,10.9732,15.4441,16.1635,16.3913,10.8758,Normal Tissue
12.0178,11.7379,11.2591,15.082,10.6599,13.8327,12.6057,Normal Tissue
12.0168,12.1084,11.3505,14.6822,11.915,13.9689,13.1837,Normal Tissue
11.9972,12.1282,11.5462,14.23,13.2325,13.8561,13.7903,Normal Tissue
11.9954,12.1975,11.2239,14.651,11.1132,13.7303,12.2804,Normal Tissue
11.9935,11.8715,11.4941,15.1892,14.2873,13.4449,13.4982,Normal Tissue
11.9904,11.6554,11.5835,14.9529,12.256,13.6546,13.642,Normal Tissue
11.9862,11.7445,11.3294,15.1871,10.9505,13.6035,12.7221,Normal Tissue
11.9843,10.9385,11.1582,13.263,11.435,13.2264,12.846,Normal Tissue
11.9817,11.9541,11.3714,13.9636,11.5785,13.6318,13.03,Normal Tissue
11.9777,11.9816,11.3889,14.5829,10.8678,13.4498,12.4745,Normal Tissue
11.976,11.4913,10.8927,15.1187,12.6881,13.9454,12.2092,Normal Tissue
11.9692,11.4235,11.2464,15.136,12.4811,13.896,13.4004,Normal Tissue
11.9679,11.9861,11.6795,15.1564,13.2046,13.7492,12.7223,Normal Tissue
11.9619,12.0833,11.2879,14.9852,14.1217,13.7177,12.4928,Normal Tissue
11.9574,12.2041,11.5732,15.034,12.7038,13.7519,13.3684,Normal Tissue
11.9531,12.4359,11.6973,15.4376,12.4689,13.9478,13.2514,Normal Tissue
11.9523,11.1382,10.462,14.1793,10.5076,12.8287,12.803,Normal Tissue
11.9334,11.6722,11.0146,13.5177,10.2163,13.1059,12.8313,Normal Tissue
11.9332,12.2745,11.5044,13.9089,12.1735,13.4269,12.6028,Normal Tissue
11.9305,11.7984,11.0189,14.8232,11.5826,13.9398,12.3299,Normal Tissue
11.9244,11.9931,11.6014,14.1468,12.9096,13.3351,13.2439,Normal Tissue
11.9218,11.3515,11.1007,14.3279,12.244,13.3671,12.7633,Normal Tissue
11.9188,12.238,11.1954,14.1542,12.6807,13.0948,12.8156,Normal Tissue
11.9126,11.8812,10.9326,13.8905,11.7777,13.5005,12.6752,Normal Tissue
11.9106,11.53,10.8541,13.9275,10.4041,13.5319,12.6447,Normal Tissue
11.9084,11.313,10.7375,13.6709,9.7092,12.9615,12.1436,Normal Tissue
11.9006,11.9469,11.2395,14.458,11.7782,13.806,12.5287,Normal Tissue
11.8995,12.0497,11.3898,15.3025,14.4373,14.1819,12.9691,Normal Tissue
11.8924,10.1832,9.5848,11.8795,10.7155,12.8399,11.5458,Normal Tissue
11.8827,13.1787,11.4769,15.1487,14.4614,13.9343,13.3232,Normal Tissue
11.8824,12.0662,11.5764,14.8151,12.1792,13.6386,12.7418,Normal Tissue
11.8793,11.7301,11.6282,14.629,11.3808,13.8702,12.8228,Normal Tissue
11.8637,11.4468,11.3131,14.5604,12.1117,13.5446,13.1957,Normal Tissue
11.858,11.6459,10.8536,13.6559,12.4352,13.1708,13.0675,Normal Tissue
11.8567,11.4311,10.9937,13.5452,10.023,13.0685,12.4848,Normal Tissue
11.8526,11.6517,11.1453,14.4769,9.0415,13.6948,11.4056,Normal Tissue
11.8487,11.8617,10.6964,14.2883,10.4233,13.2342,12.4988,Normal Tissue
11.8455,11.1669,10.9483,14.8929,10.1086,13.5911,12.2063,Normal Tissue
11.839,12.2551,11.4361,14.8801,13.8721,13.6802,12.5141,Normal Tissue
11.8263,11.5293,11.3002,14.5804,12.3417,14.0259,12.3806,Normal Tissue
11.8245,11.7908,11.1262,13.391,11.8706,13.0026,12.3218,Normal Tissue
11.8208,11.7954,11.4061,14.254,11.2748,13.4381,13.1362,Normal Tissue
11.8196,12.1896,11.3723,13.9073,12.554,12.7017,12.7186,Normal Tissue
11.819,11.8849,11.3818,14.133,11.3818,13.3412,12.2229,Normal Tissue
11.8186,11.9518,11.2406,15.6125,12.4598,14.1829,13.3856,Normal Tissue
11.8169,11.5725,11.0048,14.5032,11.1115,13.8961,12.0771,Normal Tissue
11.8164,11.5898,10.9367,13.9199,10.9151,12.8223,13.2187,Normal Tissue
11.8162,11.6108,11.3441,13.0881,10.3995,13.5023,12.2644,Normal Tissue
11.8144,11.806,11.1977,14.9995,10.466,13.9082,12.7613,Normal Tissue
11.8127,11.5954,10.8819,12.8231,10.0493,13.4872,12.4682,Normal Tissue
11.8123,11.8068,10.6591,14.246,12.1319,13.6832,12.2389,Normal Tissue
11.812,11.2281,11.0131,14.1618,9.8962,13.051,11.8353,Normal Tissue
11.8048,11.5582,10.8349,13.6469,12.3084,13.1851,12.5135,Normal Tissue
11.7918,11.4066,11.331,13.9973,10.979,13.685,12.625,Normal Tissue
11.7856,12.2564,11.4685,13.9871,12.6154,13.0038,12.8957,Normal Tissue
11.7837,11.6235,11.3721,13.7816,11.8439,13.031,13.212,Normal Tissue
11.7812,11.8316,11.3131,14.3288,11.3202,13.2135,12.858,Normal Tissue
11.7793,11.4129,10.9692,14.5402,11.3416,12.986,12.4075,Normal Tissue
11.7791,12.3401,11.5833,14.2603,11.508,13.1419,12.7626,Normal Tissue
11.7784,11.6901,11.0842,13.6806,9.9699,13.5301,12.394,Normal Tissue
11.7741,11.7603,11.1784,14.0355,11.1684,13.4106,12.1163,Normal Tissue
11.7696,12.0274,11.2126,15.7424,13.7732,14.1839,12.6108,Normal Tissue
11.7689,11.753,11.4403,14.325,10.6369,14.1127,12.531,Normal Tissue
11.7669,12.001,11.5308,14.5313,11.9912,13.716,12.2608,Normal Tissue
11.7666,11.6592,10.7571,14.5695,12.6674,14.0729,12.4224,Normal Tissue
11.7654,11.9736,10.5221,14.727,13.1693,14.4791,10.2315,Normal Tissue
11.7573,11.6475,11.4494,14.514,11.904,13.6726,12.5046,Normal Tissue
11.7548,11.6581,10.9328,14.8222,11.8909,13.5608,12.7599,Normal Tissue
11.7544,11.5007,10.8928,14.3715,10.8328,13.5168,11.941,Normal Tissue
11.7512,10.8275,10.93,13.5581,11.2481,13.7973,12.3933,Normal Tissue
11.7485,11.1452,10.7209,13.6588,11.2402,13.4623,12.9307,Normal Tissue
11.7453,11.8058,10.9137,14.9727,10.4464,13.7351,12.2084,Normal Tissue
11.7439,12.3131,10.9757,16.1578,16.6899,14.6482,11.4834,Normal Tissue
11.7439,11.737,11.5665,14.301,11.886,13.5319,12.6495,Normal Tissue
11.7422,11.2783,10.6157,13.993,10.6168,12.9265,12.0291,Normal Tissue
11.74,11.8161,11.4553,14.7215,11.2311,14.2474,11.6567,Normal Tissue
11.7388,11.8202,10.9698,12.7476,11.0478,13.1468,11.9726,Normal Tissue
11.7379,12.0636,11.5181,15.2068,13.4349,14.1079,13.1322,Normal Tissue
11.7359,11.717,11.095,14.2604,11.1287,13.4697,11.9994,Normal Tissue
11.7338,11.522,11.0282,14.8575,10.5303,13.7305,13.1209,Normal Tissue
11.7278,11.4841,10.9317,14.285,10.5267,13.7523,12.3151,Normal Tissue
11.7241,11.566,10.8632,13.246,10.8808,13.1045,12.4439,Normal Tissue
11.7178,11.8778,10.9754,14.0725,10.02,13.3673,11.9129,Normal Tissue
11.7171,11.947,11.5438,14.4009,10.1964,13.5208,12.1421,Normal Tissue
11.7169,11.9906,11.4345,14.163,11.5285,13.271,12.3945,Normal Tissue
11.7161,11.9926,11.3985,13.054,12.1206,13.673,12.5281,Normal Tissue
11.7159,12.3448,11.6989,14.0538,13.2624,13.2359,13.6161,Normal Tissue
11.7149,11.44,10.7877,13.3941,10.9443,13.0802,13.073,Normal Tissue
11.7142,11.5314,10.9406,13.0951,11.1138,13.2365,12.8464,Normal Tissue
11.711,11.8598,11.021,14.1409,9.9833,13.317,12.6983,Normal Tissue
11.7104,11.4786,11.2583,15.272,11.3505,13.8994,12.7972,Normal Tissue
11.7066,11.6059,11.1728,14.1268,12.2804,13.8612,12.0562,Normal Tissue
11.698,11.8657,11.7246,14.4424,12.6909,12.6648,13.3782,Normal Tissue
11.6977,11.6188,10.8757,13.8729,11.5991,13.4645,12.7161,Normal Tissue
11.697,11.7546,11.1515,14.5567,11.2462,13.1203,13.7195,Normal Tissue
11.6948,12.4451,12.0311,15.3893,14.3762,14.1574,13.6889,Normal Tissue
11.6936,11.6243,11.2177,14.4181,10.1252,13.6043,12.4733,Normal Tissue
11.6874,11.7126,10.8385,13.7465,11.6593,13.5759,12.7677,Normal Tissue
11.6847,11.2791,11.3396,14.6239,10.6075,13.4014,13.2765,Normal Tissue
11.6799,11.5869,10.9582,12.7383,10.6948,13.5343,12.1223,Normal Tissue
11.6751,11.5992,10.9509,14.1924,11.5154,13.2208,12.2519,Normal Tissue
11.6699,11.2698,10.9792,14.7258,10.0061,13.1915,12.6467,Normal Tissue
11.6679,11.6993,11.121,14.5802,11.1815,13.3405,12.011,Normal Tissue
11.666,12.2643,11.4376,14.3552,11.5217,13.0805,12.6985,Normal Tissue
11.6586,12.1757,11.3944,13.9077,11.47,13.5429,12.7412,Normal Tissue
11.6575,11.3412,11.0095,14.3194,10.718,12.7924,12.2488,Normal Tissue
11.6539,11.25,10.943,13.6761,11.0866,13.1808,12.1552,Normal Tissue
11.652,11.4363,11.092,13.8483,12.2667,13.3485,13.234,Normal Tissue
11.6484,12.5113,11.2701,13.1614,11.4472,13.512,12.8311,Normal Tissue
11.6484,12.0239,10.8311,13.5711,12.371,12.9468,13.2279,Normal Tissue
11.644,11.8528,11.0192,13.7025,10.825,13.1733,13.0584,Normal Tissue
11.6381,12.7504,11.7665,14.3258,12.799,13.4906,13.699,Normal Tissue
11.6318,11.9106,11.248,13.4339,10.3533,13.4913,12.4611,Normal Tissue
11.6297,12.1308,11.4504,14.2108,12.6022,13.2192,13.4791,Normal Tissue
11.6271,11.8092,11.1803,12.7299,11.3374,12.6941,12.7468,Normal Tissue
11.6239,11.4011,11.1704,13.3575,9.9083,12.8574,13.0728,Normal Tissue
11.6233,12.1318,11.5876,13.5696,12.3702,13.0361,13.3204,Normal Tissue
11.6223,11.8582,11.3946,14.3961,11.3504,12.9337,13.0669,Normal Tissue
11.6217,11.8503,11.5972,14.4394,14.7728,13.3142,12.889,Normal Tissue
11.618,11.7587,11.4085,14.7992,11.7992,13.9239,12.9403,Normal Tissue
11.6145,12.5559,12.0803,14.5786,11.9007,13.6896,12.9761,Normal Tissue
11.6129,11.965,11.7229,14.8533,13.8737,13.7011,13.4298,Normal Tissue
11.6112,11.5425,10.6523,12.3512,10.7667,13.332,11.5887,Normal Tissue
11.6079,11.412,11.0977,14.4726,15.4038,13.072,13.5834,Normal Tissue
11.6063,11.7156,11.0184,13.1223,12.0008,13.3201,12.7813,Normal Tissue
11.605,11.2586,11.0866,14.2001,10.4965,13.8617,11.4427,Normal Tissue
11.6046,11.5434,11.1057,14.2461,12.0708,13.3643,12.9773,Normal Tissue
11.6025,11.7471,10.9476,12.965,11.0185,13.3044,12.7156,Normal Tissue
11.5989,11.2521,10.7414,13.1986,10.3904,12.5025,12.4056,Normal Tissue
11.5981,12.058,11.3716,14.6764,11.9725,13.5524,13.4198,Normal Tissue
11.5943,11.4917,10.7574,14.4336,11.9436,13.441,13.4141,Normal Tissue
11.5936,11.5799,10.7833,13.9363,10.7035,13.8967,12.3724,Normal Tissue
11.5927,11.2122,10.464,14.7993,9.9534,13.754,12.2761,Normal Tissue
11.5925,11.5001,11.2141,15.0724,12.0324,13.623,13.4935,Normal Tissue
11.5895,11.7739,11.195,14.3194,11.4991,13.6504,13.1189,Normal Tissue
11.5892,11.5593,10.9192,14.2037,11.7127,13.6161,12.8643,Normal Tissue
11.5881,11.161,10.7164,14.0893,10.7337,12.9696,12.5412,Normal Tissue
11.5874,11.2574,10.9166,14.3243,10.9428,13.3557,12.4232,Normal Tissue
11.5846,11.5264,10.8914,13.799,11.6771,13.7053,12.2778,Normal Tissue
11.5842,11.3705,11.1517,14.2729,11.7919,13.5684,12.6544,Normal Tissue
11.5822,11.4899,10.8631,14.9778,12.294,14.2851,12.2362,Normal Tissue
11.581,11.045,10.8984,14.0042,10.6053,14.1765,11.7269,Normal Tissue
11.5793,11.864,11.6771,14.4636,12.5012,13.4474,12.8306,Normal Tissue
11.5793,11.7487,11.2018,14.3632,10.4967,13.7011,12.4606,Normal Tissue
11.5732,10.8043,10.7726,13.7122,12.5266,13.0683,12.5837,Normal Tissue
11.5698,11.1171,10.6023,13.8358,9.8694,13.7975,12.0197,Normal Tissue
11.5662,11.9242,11.2581,14.1238,13.0438,13.8263,12.9914,Normal Tissue
11.565,11.699,10.7414,13.3096,10.9669,13.2188,12.1719,Normal Tissue
11.564,11.1355,10.7367,13.6454,11.0932,13.2067,12.87,Normal Tissue
11.563,11.291,11.289,14.7226,11.7328,14.2432,12.4185,Normal Tissue
11.5629,11.1723,10.7699,14.1682,10.5362,13.319,12.477,Normal Tissue
11.5545,11.5505,10.8853,13.5841,11.15,13.1263,12.8415,Normal Tissue
11.5519,11.7346,10.7142,13.9978,11.2255,13.1795,13.019,Normal Tissue
11.5519,11.5956,11.2063,14.2503,10.469,13.2746,12.6975,Normal Tissue
11.5489,12.3689,11.068,13.7168,11.7408,13.2945,12.8511,Normal Tissue
11.5468,11.283,10.7534,13.5844,11.0355,13.5166,11.7536,Normal Tissue
11.5467,12.1069,11.6343,14.6946,12.678,13.8112,12.5668,Normal Tissue
11.5444,11.6844,10.792,13.8485,12.9879,13.0284,11.9373,Normal Tissue
11.5427,11.7937,11.4954,14.4358,11.621,13.7251,12.6831,Normal Tissue
11.542,11.3302,10.912,13.4419,10.4803,13.0456,11.8849,Normal Tissue
11.539,11.5327,11.6063,14.0445,10.6954,13.4399,12.0108,Normal Tissue
11.5388,11.6732,11.256,14.4602,11.848,14.1644,12.0055,Normal Tissue
11.5386,12.2028,10.9319,15.2292,14.0332,13.6258,13.186,Normal Tissue
11.5377,12.1672,11.1531,14.3222,12.0602,13.4084,12.2897,Normal Tissue
11.5364,11.4593,10.9455,13.134,11.582,12.7489,12.6157,Normal Tissue
11.5343,11.5286,10.8909,14.066,11.5632,13.0947,13.1659,Normal Tissue
11.5342,11.95,11.7608,14.7158,12.1915,12.7887,13.1515,Normal Tissue
11.5325,11.1853,11.0583,13.6781,10.4311,13.4628,12.2378,Normal Tissue
11.5262,11.7783,11.2922,14.2619,15.112,13.659,13.5405,Normal Tissue
11.525,11.4527,11.3562,14.2856,11.1579,13.8099,11.7517,Normal Tissue
11.525,11.353,10.6929,12.6562,10.7113,12.574,12.0321,Normal Tissue
11.5214,11.2933,10.6235,12.4575,9.2686,13.3679,11.7636,Normal Tissue
11.5203,11.6083,10.6402,13.2648,10.3853,13.3829,11.97,Normal Tissue
11.5191,11.0622,10.7927,14.6954,9.9069,13.3185,11.8923,Normal Tissue
11.519,11.8063,10.9314,13.8013,10.1341,13.397,12.3158,Normal Tissue
11.519,11.6079,10.8794,13.9164,11.4511,13.7282,12.586,Normal Tissue
11.5188,11.3502,10.6928,14.1483,13.5276,13.5327,12.1208,Normal Tissue
11.5141,12.2424,11.4179,14.2736,11.9986,13.1335,12.7262,Normal Tissue
11.5133,11.7478,11.0986,13.6966,10.8945,13.0338,12.527,Normal Tissue
11.5122,11.3269,10.8479,14.0284,10.4553,13.4891,12.5567,Normal Tissue
11.5113,12.1272,11.0891,14.1231,12.177,13.7025,12.1455,Normal Tissue
11.5077,11.8158,11.5216,14.7262,12.245,13.44,13.0624,Normal Tissue
11.5043,11.5382,11.4663,13.853,11.3023,13.6523,13.0338,Normal Tissue
11.5035,11.3299,11.2455,13.804,10.9916,13.362,12.366,Normal Tissue
11.4984,11.2558,10.9281,13.9662,10.518,13.2094,12.3807,Normal Tissue
11.4967,10.9983,10.854,14.2164,9.8506,13.4849,11.9811,Normal Tissue
11.4961,11.6832,10.9121,12.952,11.3308,12.8973,12.4671,Normal Tissue
11.4959,11.6832,11.3806,14.0855,11.0899,13.2278,12.4222,Normal Tissue
11.4947,11.6365,11.4046,13.7261,11.5262,13.4158,12.7664,Normal Tissue
11.4937,11.38,10.3849,14.4358,10.8124,13.566,12.2076,Normal Tissue
11.4879,11.3359,10.3424,13.0924,11.0456,13.3897,11.7533,Normal Tissue
11.4854,11.2966,10.4274,13.7626,10.237,13.2967,12.1409,Normal Tissue
11.4829,11.561,10.7253,13.4645,10.1086,13.2936,12.3788,Normal Tissue
11.4819,11.8494,11.3084,13.6583,11.179,13.3718,12.9535,Normal Tissue
11.4813,11.9642,11.2906,13.7419,11.5303,13.0566,12.2695,Normal Tissue
11.4802,11.6436,11.6307,13.4448,11.4474,13.2472,12.9776,Normal Tissue
11.4798,11.384,10.9827,14.1015,11.2066,13.3365,12.9973,Normal Tissue
11.4797,11.6372,11.4874,14.3849,10.5577,13.4563,12.5424,Normal Tissue
11.4782,11.1891,10.9797,13.7202,10.5806,13.3973,12.2949,Normal Tissue
11.4779,10.9153,10.4426,13.309,9.3708,13.111,11.2638,Normal Tissue
11.4777,10.8603,10.76,13.255,9.0297,13.2816,11.8529,Normal Tissue
11.4751,11.0861,11.0355,13.8672,11.8337,13.7868,12.8089,Normal Tissue
11.4739,11.2917,10.4833,13.9063,11.5814,13.1071,12.0122,Normal Tissue
11.4731,11.5483,10.8843,14.5011,12.2417,13.3007,12.3014,Normal Tissue
11.4725,11.5278,10.8573,13.3262,10.4273,12.9662,12.162,Normal Tissue
11.4715,11.2474,10.5436,14.2561,10.7507,13.6115,12.0888,Normal Tissue
11.471,11.131,11.0053,13.4263,11.5872,13.1402,12.1871,Normal Tissue
11.4687,11.2144,10.3956,12.8456,9.9147,13.1043,12.1608,Normal Tissue
11.4678,12.0675,11.2484,14.0568,12.4569,13.5425,12.6164,Normal Tissue
11.4672,11.7077,10.9789,13.6981,11.9883,13.4688,12.9565,Normal Tissue
11.4653,10.9776,10.8015,14.1118,9.3611,13.2539,11.9286,Normal Tissue
11.464,11.7934,11.5528,14.7134,11.0952,13.4228,12.6076,Normal Tissue
11.4627,11.7124,10.9446,13.5111,11.1151,13.1609,12.3116,Normal Tissue
11.4622,11.4332,10.8516,13.7765,11.9043,13.3006,12.68,Normal Tissue
11.4613,11.6694,10.2467,13.6143,9.7824,13.8919,12.8838,Normal Tissue
11.4582,11.5748,11.0034,13.9273,11.53,13.1736,12.1898,Normal Tissue
11.4559,11.3999,10.7497,14.4682,10.1856,13.7508,12.3145,Normal Tissue
11.4558,11.1511,10.5306,14.6806,12.0406,13.6949,11.7421,Normal Tissue
11.4526,11.2125,10.7078,14.6151,10.9634,13.6095,12.7195,Normal Tissue
11.4449,11.0089,10.6044,13.8229,11.9579,13.3322,13.0086,Normal Tissue
11.4422,11.8053,10.7561,12.5569,11.0129,12.6568,12.1068,Normal Tissue
11.4412,11.3174,11.0748,13.538,10.5725,12.9488,12.7204,Normal Tissue
11.4407,11.4393,11.0639,14.1178,9.9411,13.8803,12.1498,Normal Tissue
11.4395,11.0507,10.7129,13.8898,10.145,13.343,12.8364,Normal Tissue
11.4383,11.4438,10.5568,14.0549,9.6373,13.7154,12.1107,Normal Tissue
11.4361,11.144,10.993,14.0115,10.7653,13.7034,12.5834,Normal Tissue
11.4346,11.4085,10.8484,13.8566,9.7303,13.1233,11.7078,Normal Tissue
11.4329,11.7986,11.2058,13.8558,10.7908,13.138,13.1541,Normal Tissue
11.4328,12.0343,11.5049,14.7285,10.8393,13.5117,12.7796,Normal Tissue
11.4317,11.5266,11.068,13.6314,10.9062,13.3216,13.0567,Normal Tissue
11.4298,11.1725,10.9074,14.6129,11.6657,13.8041,12.3121,Normal Tissue
11.4294,11.2337,10.7431,12.8741,9.9235,13.1128,11.829,Normal Tissue
11.4277,11.1434,10.7613,14.7102,10.7171,14.163,12.1537,Normal Tissue
11.4266,11.5091,10.3119,13.1755,11.6701,13.5586,12.6162,Normal Tissue
11.4227,11.6355,11.0643,14.2717,10.5344,13.2335,12.3124,Normal Tissue
11.422,11.5205,11.4244,13.5487,9.7476,13.0863,12.0396,Normal Tissue
11.4216,11.6567,11.1113,13.4316,11.2973,13.1752,13.3655,Normal Tissue
11.4214,11.843,11.0317,14.1854,12.0623,13.133,13.0935,Normal Tissue
11.4204,10.4245,10.9171,14.425,10.3629,13.7125,12.1705,Normal Tissue
11.4186,11.6983,11.0063,13.9639,12.2732,12.9274,13.2822,Normal Tissue
11.4157,11.1251,10.5113,14.7573,14.7324,13.6196,12.3964,Normal Tissue
11.4143,11.4152,11.2042,14.284,10.5572,13.3715,12.9783,Normal Tissue
11.4123,11.8107,11.1669,13.8445,11.5058,13.2805,12.9234,Normal Tissue
11.4122,11.6917,10.8318,12.6927,11.4783,13.6546,12.185,Normal Tissue
11.4113,12.0055,11.1894,14.5458,13.6852,14.4033,12.5461,Normal Tissue
11.4075,12.2972,11.3961,14.2168,13.8496,13.3332,12.8517,Normal Tissue
11.4071,11.369,10.7936,13.5343,10.9026,13.2052,11.5134,Normal Tissue
11.406,11.4557,11.1065,13.9909,11.0783,13.4857,12.6414,Normal Tissue
11.4014,11.3692,11.0551,14.1485,9.4947,14.0099,11.3614,Normal Tissue
11.4006,11.5837,10.903,14.2059,12.4025,13.8571,12.6029,Normal Tissue
11.3991,11.6844,10.9546,13.0211,10.7436,12.9703,13.023,Normal Tissue
11.3981,11.6794,11.3061,13.9967,11.363,13.3493,13.5521,Normal Tissue
11.3935,11.0456,10.4153,14.7562,10.9233,13.5495,12.6275,Normal Tissue
11.3924,11.9388,11.399,14.1325,12.6339,13.3693,12.6788,Normal Tissue
11.3909,11.7025,11.0863,13.8853,12.3267,13.1061,13.1663,Normal Tissue
11.3901,11.1649,10.4939,13.5707,11.0816,12.8708,12.9086,Normal Tissue
11.3872,11.1886,10.7116,14.4682,8.8434,13.2809,12.0418,Normal Tissue
11.385,11.4671,11.2164,13.9557,9.8401,13.2901,12.0404,Normal Tissue
11.3843,11.2256,10.9805,12.9067,8.7603,12.9991,11.654,Normal Tissue
11.3823,11.8999,11.1093,13.8361,11.6514,13.1602,12.8919,Normal Tissue
11.3818,11.9876,10.8045,13.549,12.1118,13.2764,12.7059,Normal Tissue
11.3811,11.8795,11.6263,14.4038,11.4388,13.5674,12.7894,Normal Tissue
11.3787,11.6138,10.5647,13.9293,14.0911,13.2413,12.9787,Normal Tissue
11.3763,12.0715,11.4949,12.6118,10.7052,13.3606,11.6191,Normal Tissue
11.3757,11.5751,11.0934,14.8904,12.5376,13.5166,12.6359,Normal Tissue
11.375,11.6377,11.0255,13.7396,11.139,12.9009,12.9544,Normal Tissue
11.3748,11.1288,11.1318,13.492,10.8263,13.4757,12.699,Normal Tissue
11.3733,11.5532,10.2369,13.0655,10.2024,12.9881,12.5329,Normal Tissue
11.3709,11.2899,11.0951,12.9915,11.4183,13.0201,11.7704,Normal Tissue
11.3693,11.0563,10.6636,13.9385,9.8982,13.415,11.9619,Normal Tissue
11.3689,11.7502,11.148,13.7464,11.6798,13.1006,12.4005,Normal Tissue
11.3686,11.3948,10.8767,13.3574,11.1671,13.3293,12.2179,Normal Tissue
11.3643,11.3613,11.2239,13.3976,10.5804,13.1329,12.6945,Normal Tissue
11.3641,11.6156,11.2216,14.6267,11.2083,13.4142,12.6907,Normal Tissue
11.36,11.3356,11.05,13.2729,11.0127,13.2957,12.7906,Normal Tissue
11.3542,11.59,11.0838,14.1315,10.8869,13.4394,12.0476,Normal Tissue
11.3532,11.1223,11.2335,13.9461,11.5825,13.3875,12.9619,Normal Tissue
11.3529,11.6872,11.1507,14.3349,11.0339,13.4866,12.854,Normal Tissue
11.3516,10.9729,10.6288,13.0072,10.4535,13.0448,12.0842,Normal Tissue
11.3507,11.6854,11.3895,13.9596,12.2405,13.2959,13.4045,Normal Tissue
11.3505,11.4664,10.4505,13.9093,11.9144,13.8925,12.001,Normal Tissue
11.3486,11.8182,11.2102,13.8389,10.3565,13.3188,12.6685,Normal Tissue
11.3455,11.3503,10.9091,13.4615,10.9705,13.6338,11.3674,Normal Tissue
11.3453,11.6116,11.0158,14.2318,13.0765,13.1376,12.4177,Normal Tissue
11.3443,11.4168,10.8031,13.3374,12.2199,13.0497,10.9021,Normal Tissue
11.3428,11.8133,11.0016,13.1067,11.4233,13.0375,12.4831,Normal Tissue
11.3412,11.7401,11.3234,13.5589,11.5197,13.1574,12.4428,Normal Tissue
11.3402,11.678,11.0679,13.8317,11.4566,13.0838,12.407,Normal Tissue
11.3387,11.6527,11.417,13.5978,11.0606,13.3173,12.8426,Normal Tissue
11.3385,11.8756,11.3033,14.3347,11.7366,13.4932,12.918,Normal Tissue
11.336,11.546,11.3292,14.3137,12.3577,12.7973,13.1032,Normal Tissue
11.3354,11.2357,10.2843,13.2078,10.9515,13.1328,11.2528,Normal Tissue
11.3331,11.4912,10.828,13.8945,10.544,13.3318,12.27,Normal Tissue
11.3323,11.7363,11.2549,13.1965,10.6563,12.6077,13.0663,Normal Tissue
11.3273,10.8607,10.1931,13.8752,11.2957,12.9471,12.2068,Normal Tissue
11.3259,11.8341,11.3092,13.5886,12.1759,13.244,12.4563,Normal Tissue
11.3256,11.4771,10.9656,13.9789,10.3856,13.2413,12.2376,Normal Tissue
11.3253,11.5413,10.773,13.8803,11.1473,13.2008,13.2453,Normal Tissue
11.3248,11.5603,10.9398,13.4727,12.0479,13.136,12.6995,Normal Tissue
11.3247,11.2461,10.9719,14.6971,11.7981,13.5987,12.4963,Normal Tissue
11.3218,11.5881,11.146,14.2377,10.7756,13.2202,12.6626,Normal Tissue
11.3177,11.4606,10.7637,14.3818,12.1733,13.8357,12.308,Normal Tissue
11.3157,11.2337,10.4746,12.7443,9.5761,12.7628,12.178,Normal Tissue
11.3149,11.5946,11.0698,14.4182,11.0473,13.3468,12.5077,Normal Tissue
11.3146,11.1805,10.6751,12.7425,10.0527,13.3873,11.2415,Normal Tissue
11.3099,11.5524,10.7171,13.9401,11.8134,13.3789,11.8828,Normal Tissue
11.3087,11.5582,10.9618,14.2768,11.9708,13.7411,11.8257,Normal Tissue
11.3073,11.8416,11.5645,13.91,10.7677,13.083,12.181,Normal Tissue
11.3049,11.5439,11.7003,14.0177,11.5145,13.3613,12.9495,Normal Tissue
11.3042,11.8327,11.1229,13.4915,11.153,13.0884,12.2989,Normal Tissue
11.3009,11.8756,11.2465,13.7401,11.101,13.6156,13.3202,Normal Tissue
11.2993,11.8061,11.6834,14.1316,12.0807,13.4881,13.2296,Normal Tissue
11.2965,11.9083,11.3209,14.5847,11.7653,13.5715,12.9238,Normal Tissue
11.2955,12.1653,11.1673,13.8448,12.6888,13.1702,13.1923,Normal Tissue
11.2954,11.1841,10.363,13.6206,10.586,13.5873,11.892,Normal Tissue
11.2949,11.9504,11.1294,14.2604,11.184,13.4967,12.6881,Normal Tissue
11.2917,11.5471,11.0887,14.3882,12.49,13.8148,12.4044,Normal Tissue
11.2915,11.8926,11.2642,13.9923,12.1047,13.5318,13.7421,Normal Tissue
11.2908,11.8252,11.3438,13.868,11.8728,13.4131,13.2865,Normal Tissue
11.2871,11.0053,9.8743,13.014,10.1973,13.2851,11.8861,Normal Tissue
11.2857,11.4262,10.9878,12.9953,9.8119,13.2908,12.3643,Normal Tissue
11.2853,11.3797,10.9119,14.462,9.0936,13.2819,12.3855,Normal Tissue
11.2847,11.4826,10.715,13.3725,11.3098,12.9936,12.5208,Normal Tissue
11.2811,11.9803,11.42,14.2,11.2525,13.401,12.672,Normal Tissue
11.281,11.3374,10.8029,14.1951,10.8372,13.6918,13.3035,Normal Tissue
11.2796,11.4652,11.3165,13.4776,11.6084,13.2161,12.8574,Normal Tissue
11.2796,11.3711,10.8953,13.7577,13.2572,13.1778,12.2515,Normal Tissue
11.2783,11.4412,10.827,14.1218,11.8338,13.4014,13.0365,Normal Tissue
11.278,11.7418,11.1037,14.294,10.9815,13.2581,12.0486,Normal Tissue
11.277,11.2351,10.7143,12.8589,11.241,12.536,12.9985,Normal Tissue
11.2758,10.8042,10.9352,14.4395,12.1017,13.6685,13.0846,Normal Tissue
11.2736,11.6935,10.897,14.018,11.0081,13.9445,11.8466,Normal Tissue
11.2711,11.8962,11.7601,13.9656,11.9748,13.4133,12.8707,Normal Tissue
11.2692,11.573,10.89,12.7923,10.9762,13.4101,11.8068,Normal Tissue
11.2658,11.9221,11.3148,13.6746,12.2503,13.2948,12.951,Normal Tissue
11.2658,10.9793,11.2675,13.7358,11.3701,13.4114,12.7972,Normal Tissue
11.2612,11.3132,10.7942,14.2239,12.235,13.6895,13.0295,Normal Tissue
11.2593,11.4657,10.9048,13.248,10.5517,12.6641,12.1928,Normal Tissue
11.259,11.5423,10.853,13.4115,9.9096,12.9009,12.6129,Normal Tissue
11.2578,11.1386,10.6158,14.1537,12.2083,13.4466,12.7811,Normal Tissue
11.2561,11.4458,10.2869,13.9633,10.2916,12.6351,12.9131,Normal Tissue
11.2558,10.7681,10.5339,13.6656,10.5982,13.3399,12.1128,Normal Tissue
11.2553,11.4491,10.7571,13.2972,11.0294,13.0932,13.4116,Normal Tissue
11.2542,11.5711,11.3216,14.0846,10.9417,13.3027,12.4175,Normal Tissue
11.253,11.0341,10.8528,13.8858,9.9938,13.0626,12.1737,Normal Tissue
11.2491,11.8576,11.4269,14.9694,12.2217,13.6363,12.7692,Normal Tissue
11.243,11.877,11.2237,14.6327,13.3379,13.1167,12.8249,Normal Tissue
11.2418,11.1568,10.1248,12.7399,10.6793,13.1231,11.87,Normal Tissue
11.2328,11.9268,11.0908,13.5664,10.8904,12.9968,12.4009,Normal Tissue
11.2308,11.5168,10.448,13.6391,11.1026,12.9674,12.3807,Normal Tissue
11.2294,11.669,10.6813,12.5883,9.2269,13.5466,11.4961,Normal Tissue
11.2289,11.5322,10.3398,13.3045,12.9123,12.7205,11.9109,Normal Tissue
11.2285,11.3321,11.2054,13.5871,11.7594,13.4628,12.6741,Normal Tissue
11.2247,11.3123,10.7608,13.2387,10.1795,12.6774,12.495,Normal Tissue
11.2224,11.6203,11.1421,14.1332,10.2707,13.5906,11.96,Normal Tissue
11.222,12.3399,11.3033,13.717,12.4352,12.9283,13.1892,Normal Tissue
11.2212,11.7883,11.7616,14.3994,11.4558,13.3544,12.8519,Normal Tissue
11.2179,12.0691,10.772,13.9346,11.2253,13.7366,12.8768,Normal Tissue
11.2156,11.1551,11.0082,13.2883,10.9082,13.3367,12.6629,Normal Tissue
11.2155,11.8355,11.0911,13.9594,11.6174,13.2008,11.7032,Normal Tissue
11.214,12.0368,11.6,13.949,12.7413,13.0981,12.9902,Normal Tissue
11.2126,11.4041,11.0686,12.8897,10.8539,13.1544,12.2785,Normal Tissue
11.2095,11.9487,11.3018,13.9523,11.0902,13.1306,13.0073,Normal Tissue
11.2068,11.4546,10.3838,13.0032,11.0857,13.7198,11.0579,Normal Tissue
11.1985,11.3839,11.4854,13.6875,12.1153,13.4594,12.5762,Normal Tissue
11.1933,11.9487,11.357,13.6276,11.4891,13.1758,12.5556,Normal Tissue
11.1923,12.0169,11.2033,13.6547,11.1727,13.0032,12.6297,Normal Tissue
11.1921,11.7996,11.2689,13.5644,10.5451,13.657,11.8932,Normal Tissue
11.1903,11.0093,10.7015,13.1696,9.425,13.1083,12.4103,Normal Tissue
11.1873,11.2968,11.0189,13.5387,11.7115,13.2411,12.6826,Normal Tissue
11.1847,11.4702,11.1514,14.667,12.8756,13.6394,12.8377,Normal Tissue
11.1828,11.2582,10.7336,13.695,12.4756,13.1924,12.2076,Normal Tissue
11.1781,11.0069,10.4127,13.2815,11.0961,13.2689,12.0855,Normal Tissue
11.1778,11.482,11.1903,13.1108,10.3876,13.1993,12.9542,Normal Tissue
11.1748,11.9558,11.3889,13.6662,12.5644,13.3691,13.212,Normal Tissue
11.1741,11.9682,11.0952,14.3589,11.4048,13.504,13.0279,Normal Tissue
11.1741,11.021,10.0372,12.1278,9.7999,12.9346,11.521,Normal Tissue
11.1658,11.5886,10.8537,13.1007,11.3307,13.3862,13.2995,Normal Tissue
11.1593,11.4979,11.128,13.7802,10.9622,13.3007,12.7682,Normal Tissue
11.1531,11.7112,11.0337,13.6684,12.1508,13.2158,13.3405,Normal Tissue
11.1505,11.6218,10.8478,12.5943,10.4942,13.2875,12.5559,Normal Tissue
11.1488,11.7817,11.307,13.6188,11.1498,13.2918,13.0862,Normal Tissue
11.1479,11.8109,11.3024,14.1717,12.0462,13.2709,12.3175,Normal Tissue
11.1443,11.7819,10.6581,13.31,11.4299,12.692,12.7456,Normal Tissue
11.1435,11.4408,10.8368,14.2354,10.7223,13.2622,12.9517,Normal Tissue
11.1397,11.6857,10.7306,13.2453,10.6381,13.0858,11.7698,Normal Tissue
11.1349,11.1705,10.7821,13.382,11.0563,13.2703,12.1341,Normal Tissue
11.1346,11.1872,10.967,13.3752,10.2302,13.3124,12.0877,Normal Tissue
11.1341,11.7086,11.2421,13.438,11.4698,13.0774,13.1912,Normal Tissue
11.1324,11.3554,10.9433,13.2938,11.891,13.3223,12.6139,Normal Tissue
11.1312,11.2627,10.0768,13.8947,11.032,13.9288,11.993,Normal Tissue
11.1308,11.6094,11.7986,13.8948,10.7243,13.8183,12.5091,Normal Tissue
11.1294,11.7775,10.8525,13.4127,12.5308,13.1121,12.243,Normal Tissue
11.1267,11.4231,11.3148,12.7844,11.2814,12.7324,12.5516,Normal Tissue
11.1236,11.3177,10.7247,13.9991,10.7451,13.5984,11.5543,Normal Tissue
11.1183,11.3847,10.6768,13.157,9.4323,12.9707,12.375,Normal Tissue
11.1155,11.6045,10.8964,13.1503,10.8257,13.0187,13.0965,Normal Tissue
11.1153,10.886,10.5734,13.5895,11.0181,13.2374,10.6081,Normal Tissue
11.1131,11.8314,11.0609,13.0837,11.7292,12.896,11.8371,Normal Tissue
11.1129,11.5381,11.3142,13.0573,10.6894,13.17,12.7137,Normal Tissue
11.1129,11.1166,10.4216,12.9572,9.8971,12.5081,12.3653,Normal Tissue
11.11,11.2577,10.2023,13.622,10.8922,13.215,12.707,Normal Tissue
11.1081,11.3085,10.8827,12.7705,9.5174,13.0951,11.7388,Normal Tissue
11.1068,11.1907,9.8639,13.2983,9.3416,13.0287,11.5318,Normal Tissue
11.1022,11.1208,10.2394,14.3374,10.687,13.5529,12.6546,Normal Tissue
11.0992,11.7822,11.0703,13.4518,9.3398,13.1228,12.0323,Normal Tissue
11.0981,11.4428,10.707,13.3194,10.7363,13.1565,12.591,Normal Tissue
11.0931,11.3005,10.6957,13.6634,11.1243,13.0247,12.4919,Normal Tissue
11.093,10.9982,10.1963,13.5224,10.0632,13.002,12.4418,Normal Tissue
11.0916,11.4597,11.1202,13.8419,11.4614,13.0991,12.5939,Normal Tissue
11.0896,11.7041,11.2044,13.8491,12.852,13.3458,12.4685,Normal Tissue
11.0868,11.1856,10.2802,13.6909,9.5813,12.9535,11.3887,Normal Tissue
11.0867,10.81,10.5983,14.2255,13.7778,12.845,12.2159,Normal Tissue
11.0811,11.2641,10.4732,12.7524,12.76,12.8009,12.0065,Normal Tissue
11.0796,12.0197,11.0835,12.2836,12.2288,11.9167,11.9883,Normal Tissue
11.0758,11.7947,10.4695,13.372,11.641,12.7911,12.4385,Normal Tissue
11.073,11.6452,11.0571,13.2407,9.9904,13.2047,12.2319,Normal Tissue
11.0614,11.8701,10.5747,12.6149,10.2229,13.3749,12.2602,Normal Tissue
11.0549,11.4247,11.4242,13.2574,12.0907,13.0902,13.2212,Normal Tissue
11.054,11.4527,11.1509,14.075,10.9842,13.1925,12.5201,Normal Tissue
11.0504,10.6463,11.0222,13.8146,10.1919,13.011,13.048,Normal Tissue
11.0452,11.0398,10.4511,13.1225,8.6093,13.0813,11.4768,Normal Tissue
11.0446,11.3596,11.075,12.7725,9.9281,13.1487,12.4233,Normal Tissue
11.0433,11.4727,10.8811,13.7878,10.7158,13.2122,12.2054,Normal Tissue
11.0425,11.7162,10.96,12.4044,10.88,13.4063,11.945,Normal Tissue
11.0381,11.589,10.8798,12.8498,10.6303,12.7666,11.9921,Normal Tissue
11.0321,11.265,10.393,13.4188,10.7591,12.6619,11.5412,Normal Tissue
11.0293,11.3741,11.1814,13.7568,10.8735,13.6148,12.3129,Normal Tissue
11.027,11.7859,11.2723,13.3998,11.5022,12.9286,12.2796,Normal Tissue
11.0266,11.3068,10.7444,13.781,12.0028,13.7215,12.5161,Normal Tissue
11.0253,11.2883,10.2955,13.1292,10.6779,13.0759,11.7348,Normal Tissue
11.0215,11.343,10.6625,12.3505,9.7819,12.8951,11.7471,Normal Tissue
11.0206,12.2695,11.4567,15.0123,16.7585,14.7305,11.4269,Normal Tissue
11.0203,11.1173,10.8215,13.1915,10.1681,13.4247,11.3418,Normal Tissue
11.02,12.0783,10.8371,13.2656,11.3384,13.1272,11.9322,Normal Tissue
11.0196,11.3309,11.3176,13.7988,10.8104,13.2339,12.6305,Normal Tissue
11.0158,11.1258,10.6857,13.5671,10.6217,13.2843,12.1928,Normal Tissue
11.0096,11.5458,10.5839,13.7048,10.7266,13.2986,12.0631,Normal Tissue
11.0089,11.242,11.0056,13.5881,10.652,13.3463,12.4182,Normal Tissue
11.0083,11.4221,10.4096,12.3937,10.4429,13.0104,11.7507,Normal Tissue
10.9968,10.9542,10.2396,12.9241,10.0527,12.8477,11.7117,Normal Tissue
10.9954,10.8402,10.8528,13.3222,11.2417,13.282,12.3636,Normal Tissue
10.9941,11.3332,10.5294,12.9567,10.3469,12.6042,12.094,Normal Tissue
10.9937,11.0184,10.6497,13.9418,11.0571,13.4119,12.1537,Normal Tissue
10.9924,10.8625,10.511,12.6941,12.6118,13.1926,11.5961,Normal Tissue
10.9896,10.744,10.7789,13.8291,10.413,13.1391,12.4686,Normal Tissue
10.9873,11.8858,10.6539,13.1851,12.6402,13.4437,12.6118,Normal Tissue
10.9856,11.6645,10.977,12.7177,10.5802,13.175,12.8995,Normal Tissue
10.9753,11.3836,10.9198,12.7594,9.8479,12.9491,12.1591,Normal Tissue
10.9703,11.7221,10.9788,13.3451,10.6138,13.3096,12.3463,Normal Tissue
10.9674,11.5086,10.6693,13.8104,10.1905,13.7676,11.4751,Normal Tissue
10.9648,11.7142,10.6405,14.0801,10.5069,12.9519,12.2749,Normal Tissue
10.9578,11.4008,11.0758,13.1864,9.5807,13.1233,11.8865,Normal Tissue
10.9557,11.253,10.6356,13.1104,10.3049,12.7358,11.8544,Normal Tissue
10.9523,11.5821,10.5878,13.7874,11.9362,12.871,12.2462,Normal Tissue
10.9503,11.8773,11.4971,13.8433,10.7725,13.4987,11.8938,Normal Tissue
10.9479,11.1831,10.4483,12.9202,10.7771,12.8114,12.3516,Normal Tissue
10.9449,11.299,10.902,12.8164,9.5196,13.6812,11.143,Normal Tissue
10.9438,10.9871,10.5943,12.7542,9.9054,12.8861,11.6801,Normal Tissue
10.9338,11.9208,11.4677,13.5352,10.6893,13.9097,12.0117,Normal Tissue
10.9164,10.6838,10.8708,13.9266,10.6196,13.5357,12.4098,Normal Tissue
10.9133,11.3351,10.242,13.1169,10.6873,12.9634,12.0521,Normal Tissue
10.9079,11.5031,10.4506,12.6274,9.9537,12.824,12.0733,Normal Tissue
10.9061,11.4607,11.053,12.8415,10.7717,13.0747,12.8089,Normal Tissue
10.9013,11.7021,10.7213,12.5908,10.7866,13.2593,12.6331,Normal Tissue
10.9013,10.6584,10.1004,13.1752,12.3246,13.1982,13.7756,Normal Tissue
10.8876,11.7581,10.9493,13.4245,11.3864,12.7986,12.6478,Normal Tissue
10.8829,11.1461,10.832,12.9071,13.019,12.7014,13.0644,Normal Tissue
10.8827,11.4313,10.5129,13.7269,10.6076,13.3321,12.469,Normal Tissue
10.8812,11.9852,11.0283,13.2152,11.8782,12.8284,12.7231,Normal Tissue
10.8563,11.2036,10.6526,13.4367,10.9769,12.8864,12.1646,Normal Tissue
10.8422,10.7848,10.5547,13.8056,11.6063,12.862,12.736,Normal Tissue
10.821,11.9146,10.8125,13.1049,11.8082,13.489,12.727,Normal Tissue
10.8093,12.0622,11.3147,14.1458,12.5299,13.3387,12.1567,Normal Tissue
10.7982,11.6764,10.3698,13.0624,12.4195,13.1293,12.6607,Normal Tissue
10.7936,11.1541,11.3563,13.937,11.3176,13.7235,12.3934,Normal Tissue
10.7846,11.0174,10.4963,13.0963,10.789,12.8583,11.9053,Normal Tissue
10.7832,11.2294,10.433,12.845,9.9628,12.1711,11.8211,Normal Tissue
10.7798,11.439,10.6012,13.3647,10.7098,12.959,12.907,Normal Tissue
10.7532,11.188,10.7501,14.141,9.0408,13.6765,12.0101,Normal Tissue
10.7219,11.5708,11.0728,13.7881,10.507,12.9317,12.0873,Normal Tissue
10.7164,11.1804,11.5299,13.9879,12.7473,10.4519,10.7276,Normal Tissue
10.6939,11.4717,10.9323,13.0011,10.475,13.2135,12.6969,Normal Tissue
10.6827,11.1452,10.5733,13.7489,11.9177,12.9056,12.7203,Normal Tissue
10.5826,11.2357,10.4634,13.2704,11.9841,12.9144,11.7202,Normal Tissue
10.4173,11.7874,11.1642,13.7163,10.9825,13.6101,11.6489,Normal Tissue
12.5161,12.926,10.2922,13.5008,12.5765,11.0213,13.1898,Primary Tumor
12.3424,12.3508,11.1741,13.5838,13.1862,11.8149,12.6525,Primary Tumor
12.1418,12.9404,11.2047,15.8383,15.9923,9.0986,14.1816,Primary Tumor
11.9278,12.4212,10.4697,12.8065,13.5259,11.4812,12.2268,Primary Tumor
11.9081,13.1197,11.7232,15.3957,13.3876,11.4522,12.7934,Primary Tumor
11.879,13.9928,11.8938,14.7601,15.0355,11.3239,12.1233,Primary Tumor
11.8212,11.8936,10.6989,13.536,14.1559,8.7087,12.9175,Primary Tumor
11.7563,12.865,11.3841,13.7202,14.0738,11.0692,12.1528,Primary Tumor
11.7423,13.8641,11.2247,16.1583,15.2524,11.4271,13.2463,Primary Tumor
11.6591,12.4655,10.4093,12.42,12.3021,11.252,10.944,Primary Tumor
11.6543,12.9931,11.6578,14.5153,14.542,13.2779,11.8854,Primary Tumor
11.6325,12.0613,10.8473,14.3549,13.9349,10.425,13.3473,Primary Tumor
11.6006,13.5255,11.621,14.8093,15.381,11.4006,12.9421,Primary Tumor
11.5268,12.7633,10.6163,14.7404,13.5105,9.9353,13.3492,Primary Tumor
11.4588,13.3155,11.7855,14.3252,14.885,10.84,11.8007,Primary Tumor
11.3497,12.4907,11.4098,15.0162,16.5749,10.9733,15.4463,Primary Tumor
11.3263,13.5048,12.5462,16.7674,16.1643,12.468,13.3849,Primary Tumor
11.3227,13.0071,11.3102,13.2937,13.9238,11.0748,13.0357,Primary Tumor
11.3043,11.7906,10.3916,13.493,13.0922,12.2864,11.3608,Primary Tumor
11.2873,13.5052,10.9963,13.8179,13.4698,11.4984,11.5671,Primary Tumor
11.2839,13.0009,11.4971,14.8052,15.4015,11.7724,13.0135,Primary Tumor
11.2238,12.4788,10.731,13.0907,14.0021,11.5649,13.8044,Primary Tumor
11.2158,11.5452,10.5875,14.5513,13.323,11.3987,11.8151,Primary Tumor
11.2094,12.206,10.8491,14.4071,14.2475,11.113,12.5899,Primary Tumor
11.2066,13.97,12.1335,14.9563,14.3726,10.637,13.408,Primary Tumor
11.1377,12.9554,10.7831,13.9838,14.3222,10.678,12.2113,Primary Tumor
11.1221,12.244,10.3004,15.7167,13.2188,10.2076,12.1416,Primary Tumor
11.1159,12.4278,10.313,14.409,15.2906,10.401,12.8586,Primary Tumor
11.0925,13.4183,11.0931,13.8939,13.5659,10.5985,12.3293,Primary Tumor
11.0871,11.462,10.2662,11.9407,13.6068,12.1964,12.3857,Primary Tumor
11.0298,13.4278,11.355,13.1395,13.8111,11.3678,12.2754,Primary Tumor
11.0211,12.6132,11.3655,14.0895,15.3424,10.3374,11.5422,Primary Tumor
10.9896,13.8724,11.7058,16.7994,15.7205,11.2721,13.1826,Primary Tumor
10.9779,12.8921,11.1017,14.7248,18.0836,11.9639,14.7993,Primary Tumor
10.9707,12.4804,10.3903,13.0445,13.0781,9.4432,12.4746,Primary Tumor
10.9449,13.0246,11.8201,13.3954,14.4185,11.7475,13.3655,Primary Tumor
10.9415,12.255,10.0722,12.0751,15.3146,11.2077,11.8034,Primary Tumor
10.9386,13.8888,11.3106,13.449,14.6715,11.6559,13.5344,Primary Tumor
10.9383,12.7224,10.9378,14.6372,13.3984,10.945,12.7422,Primary Tumor
10.9336,13.4872,11.4185,13.8045,12.469,11.1671,12.1516,Primary Tumor
10.9313,13.3387,10.4277,16.2649,13.6924,10.6633,11.9024,Primary Tumor
10.9304,13.0509,11.298,13.6994,12.8073,10.2081,11.3014,Primary Tumor
10.917,13.4704,10.2385,14.7515,14.1241,11.4622,11.579,Primary Tumor
10.9157,12.7586,11.0769,14.4471,14.3996,13.0206,11.9273,Primary Tumor
10.9031,13.6651,11.959,13.9881,16.1826,11.2206,13.6022,Primary Tumor
10.8876,12.5737,10.307,13.2034,14.3438,11.3785,13.55,Primary Tumor
10.8617,13.1123,11.2156,15.1931,14.3662,11.7539,13.0879,Primary Tumor
10.7853,12.9345,10.4694,14.8119,13.8025,10.5828,12.8277,Primary Tumor
10.7831,13.3865,11.9146,15.6763,16.1396,9.6257,13.6305,Primary Tumor
10.7821,12.7914,11.0676,9.3914,17.3348,12.564,10.9253,Primary Tumor
10.7806,13.4469,11.7245,13.7045,14.2565,10.9974,13.2511,Primary Tumor
10.7686,13.055,11.4641,13.1225,14.6503,11.2276,11.2556,Primary Tumor
10.7682,13.1457,11.5008,15.5247,14.3641,11.4599,12.9654,Primary Tumor
10.7624,13.3699,11.3921,15.7985,14.1154,10.905,12.2851,Primary Tumor
10.7577,13.2098,12.146,17.0396,14.5146,12.0562,11.6853,Primary Tumor
10.7567,12.171,11.0502,13.9001,15.1992,10.7904,12.9638,Primary Tumor
10.7555,13.1603,11.0011,13.0862,14.3108,11.2013,11.0607,Primary Tumor
10.717,12.9973,11.1659,13.7578,15.1994,11.5935,12.1831,Primary Tumor
10.709,13.1593,10.7693,15.8059,14.4919,11.8619,11.4721,Primary Tumor
10.7076,11.9493,10.1657,14.8538,14.2847,9.7569,12.3032,Primary Tumor
10.6777,12.5576,11.07,14.3065,13.4772,11.9155,12.0252,Primary Tumor
10.6709,13.1423,11.4108,13.2502,13.8434,11.1149,12.8589,Primary Tumor
10.6705,12.8619,10.7201,11.5595,13.3967,9.946,12.549,Primary Tumor
10.6693,12.3305,11.0787,14.9651,15.5987,11.2944,13.7504,Primary Tumor
10.6465,13.5253,11.0644,16.8817,14.3992,12.6114,11.2608,Primary Tumor
10.6417,12.5818,11.1267,13.7015,12.6101,11.8505,12.1718,Primary Tumor
10.6272,13.1201,11.1732,14.2566,13.7806,11.6226,12.75,Primary Tumor
10.6265,11.4591,10.469,12.8126,12.8728,10.8355,12.7452,Primary Tumor
10.6085,12.7567,11.0562,12.9231,11.3418,10.1909,11.0451,Primary Tumor
10.5886,13.6208,10.837,17.8322,16.0382,11.8222,12.7795,Primary Tumor
10.5605,12.8036,10.6905,13.9945,14.4727,11.0314,12.6268,Primary Tumor
10.5204,12.8051,10.7874,12.5333,12.3446,10.7154,11.0544,Primary Tumor
10.4821,12.8576,11.2178,16.0525,14.153,11.1014,11.2866,Primary Tumor
10.4738,13.1357,11.3079,14.0598,17.7323,12.1532,13.6295,Primary Tumor
10.4735,12.6802,10.8371,14.1174,14.9278,12.7241,12.8139,Primary Tumor
10.4555,12.5453,11.6622,13.1469,13.7188,12.7815,12.3841,Primary Tumor
10.4332,13.6022,11.3741,14.2478,13.7619,11.0028,11.7269,Primary Tumor
10.407,12.775,10.8777,14.7824,13.748,10.7085,11.5488,Primary Tumor
10.4028,12.7264,9.998,12.0349,14.1051,11.4534,12.5781,Primary Tumor
10.2428,12.1101,11.5856,12.8555,12.9107,10.5101,12.8126,Primary Tumor
10.2129,11.973,11.1664,13.0663,15.5799,11.4186,12.7715,Primary Tumor
10.2115,13.2886,11.7875,14.949,14.808,12.0876,12.9106,Primary Tumor
10.1782,13.031,11.1961,13.4228,12.9204,11.5561,12.1946,Primary Tumor
10.1681,12.8008,11.1138,14.0089,15.4235,10.5446,12.3637,Primary Tumor
10.1575,13.5064,11.4192,13.3497,15.3617,11.0916,12.8639,Primary Tumor
10.1489,12.6356,10.4077,12.4352,12.8331,12.105,11.8981,Primary Tumor
10.1428,13.0292,11.1634,13.2507,14.0358,12.0276,13.1156,Primary Tumor
10.1419,12.9154,10.264,15.4522,14.8582,10.5357,13.2992,Primary Tumor
10.1261,13.3569,11.5608,14.6314,14.6059,11.3579,13.4322,Primary Tumor
10.1071,13.0567,11.1769,14.2534,14.3166,11.6441,13.3347,Primary Tumor
10.1037,13.4548,11.9341,13.2935,14.977,10.4804,11.9594,Primary Tumor
10.0153,12.3756,10.3171,12.8899,14.3035,9.8566,12.0496,Primary Tumor
9.8923,12.7001,10.9855,13.2433,14.8735,12.8616,12.9077,Primary Tumor
9.8685,13.765,11.4378,14.8095,14.9076,10.7606,12.8853,Primary Tumor
9.7333,12.8345,10.6577,12.5395,12.8697,10.3844,11.2117,Primary Tumor
9.7278,11.7761,10.4926,15.6885,12.8219,11.5098,11.4689,Primary Tumor
9.7053,12.8905,11.1492,14.1005,14.5566,10.7751,11.3069,Primary Tumor
9.6104,11.9733,11.4267,13.3251,14.4736,12.0401,11.8361,Primary Tumor
9.5689,12.5956,10.0389,12.4767,13.1557,11.9336,12.1774,Primary Tumor
9.5229,13.8548,11.4186,13.8477,14.123,12.2094,11.3353,Primary Tumor
9.4762,12.5388,11.1293,15.7227,14.0453,10.2063,13.0312,Primary Tumor
9.4351,13.4103,11.5925,13.4272,13.9858,9.7994,12.3988,Primary Tumor
9.8988,12.6769,10.6577,12.7636,14.9181,12.2912,12.1984,Solid Tissue Normal
