gene_id,60,40,20,10,5
HIST2H2BE,-2.794839174,-2.0352561401,-0.1946137219,-0.2016129495,-0.6023674049
HIST1H1B,-2.6848457016,-0.9681350121,0.1957990921,-0.0202223487,0.5593962947
LLGL2,-2.5331873077,0.0427282765,-0.1700085979,-0.1475355993,-0.0239309086
HIST1H2AB,-2.4468084882,-1.3249417164,-0.228459716,0.0470886749,-0.2187240449
GUCA1B,-2.4006601258,-1.2432988828,-0.2539862136,0.3031848303,0.430159956
GUCA1B,-2.3784317284,-0.9151385696,0.0029892919,-0.1709137463,0.4674564173
HIST1H1C,-2.3165553124,-0.9316178341,0.3020378159,0.3094631694,0.2027145648
PDAP1,-2.2190000685,-0.1866480357,-0.4714464903,0.9547055392,0.1287834891
PPA2,-2.1754709969,-0.528347345,-0.2027388873,0.2868687424,-0.4184565696
EIF4A1,-2.1232114473,-0.3308250314,-0.3093273636,0.2126064925,0.3095612338
HADH2,-2.0238393577,-0.8862192892,0.0632579507,-0.1650073209,0.966745263
ECHS1,-2.0225457273,-0.9291607094,0.0061107746,0.0303690355,0.4809443945
,-1.9990847902,-0.7178400853,-0.560675026,-0.5481689751,-0.2859940333
RPS5,-1.9783885254,-0.5608711322,0.4046367968,0.1489464143,0.632850694
SF3B5,-1.961881448,-0.4425204757,-0.3604567666,-0.5658115701,-0.347200687
RPS8,-1.9189581854,-0.9015675169,-0.0026685599,0.6376412063,0.0697116914
,-1.9175566224,0.5104340494,-0.4150485635,0.880830558,-0.6072532691
HMG1L1,-1.9099695049,-0.3194595448,0.1549943396,-0.0545668177,0.055278681
C1QBP,-1.8879069665,-0.461229306,-1.9064330761,0.3606062305,0.686488246
RPS25,-1.852376867,-0.4284455676,0.341369337,0.2518267541,0.4235652439
TUBB4Q,-1.8489943975,-0.9406549553,-0.8798601941,-0.7046310487,-0.708546979
TUFM,-1.8302526267,-1.2462377565,-0.0125864213,0.4681923222,0.3255589866
EFTUD2,-1.828541482,-0.5312976797,0.2613082989,0.1446224551,0.259838005
RPLP1,-1.8134381977,-1.5501437165,-1.217261594,-0.8995353388,-0.3821003874
EEF1D,-1.8063795405,-0.5313530262,0.8462744127,0.3598290374,0.8748774463
HSPD1,-1.7853505748,-0.2437222712,0.5867118807,-0.0601537941,-0.6808762398
KARS,-1.7825962975,-0.7987927226,-0.3784911363,0.4122637066,-0.5598062567
ANXA1,-1.7824298426,-0.9191136161,-0.0783697412,0.109754733,-0.0299040043
SH3BGRL3,-1.7320879645,-1.2083740167,-0.5767440403,-1.0227974879,-0.7475387976
EEF1B2,-1.7168398691,-0.844175535,-0.7298181236,-0.182123285,0.1779563908
SPARC,-1.6828947041,0.4187885814,-0.600231249,0.2281896654,0.2474309942
RPL17,-1.6594345505,0.0401252465,0.5531407281,0.534853033,0.261539008
RNASEH2A,-1.6565476357,-0.8049783048,-0.6070177783,1.1330929977,1.2197761951
,-1.649443208,-0.7008644632,0.3606962103,0.2727890535,0.1378438353
ECH1,-1.6491539633,-0.2668663468,-0.0125077436,0.3917121418,0.0028185281
SHMT2,-1.6427133818,-0.0460925552,0.7490154003,1.8275553128,-0.0689887239
MTHFD1,-1.639740785,-0.6231691802,0.6351438805,0.2225633518,0.3533531731
PSMA5,-1.6147797952,-0.617005326,-0.285542929,-0.0588616471,0.1020574475
RPS23,-1.6084055605,-0.6161373104,-0.2058456373,-0.0971655163,-0.3202990511
DLD,-1.6067346557,-0.7676462337,0.8966084289,0.1213186425,0.3628875447
GNB2L1,-1.5893797676,0.0516305777,0.3155029836,0.0888221639,0.0240216902
SERBP1,-1.5839438516,-0.8169573251,-0.0879864776,0.4488018184,0.1818581943
RUVBL1,-1.5769643663,-1.0169729839,0.3921634072,0.093102935,0.4145494061
MDH2,-1.5743193525,-0.7330926325,-0.0752594622,0.4218961899,0.0576009511
EEF1A2,-1.5720959113,-0.4783923595,-0.1686845761,0.2786592044,0.3336610741
PPA1,-1.5546835494,-0.3075629936,0.4893352871,0.3300360547,-0.0179037333
TRIM28,-1.5495640321,-1.7842595882,-0.1621879049,0.1067282581,-0.192323671
RBBP4,-1.5493781552,-1.1513746863,0.449746727,-0.0563704758,0.0015304028
SYNCRIP,-1.5472149699,-0.3613113119,0.1231450298,0.0755194553,-0.0870162715
ATP5A1,-1.5459861622,-0.2923679693,0.2310607241,0.0446153571,0.1746403343
RPS10,-1.5201414646,-0.454607346,-0.1618735527,-0.6709826868,0.8744679552
RARS,-1.5089700877,0.0778429269,-0.0125841423,0.691149268,0.2093697149
EEF1G,-1.5041600043,-0.3107757552,-0.0087873521,0.2232502969,0.640822907
TCEB1,-1.501093929,-0.0507391651,0.01436031,0.2658819934,0.1462796443
IMMT,-1.5000610565,-1.2603038198,-0.2348607212,0.2115122818,-0.1160505307
ATP5B,-1.4949867533,-0.5926140848,-0.0331039985,0.2398296044,0.0489676279
SOD1,-1.4932156572,0.7136994188,0.4876632947,-0.0461284214,-0.6265520265
TAGLN2,-1.4899206186,-0.095738994,0.1652534987,0.2653658589,0.148999336
RPL27A,-1.4867081062,-0.5022831782,-0.0262328011,0.3543327332,0.1354198228
HSPD1,-1.475414199,-0.4496342095,0.1858899745,0.2832620807,0.2706478659
NME1,-1.4670139875,-0.6610687257,0.2510432647,0.2967464197,0.2302122013
RPS4X,-1.4542873247,-0.2279774411,0.0978197242,0.3652139792,0.2431738716
FABP5,-1.453809323,-0.3919110211,0.4158499339,0.5335579888,0.4702842293
SSBP1,-1.450272694,-0.6845347669,-0.2887237946,0.3058885361,0.4995059705
ATP5O,-1.4502401511,-0.1048597181,-0.2341331958,-0.0745862769,0.2560104957
SNRPD3,-1.437313839,-0.6057666303,-0.2498773527,0.0233844152,-0.3426405583
PEBP1,-1.4361598205,-0.1027382844,-0.0312700925,0.0635044364,-0.0544232818
HSPD1,-1.4359849484,-0.167800635,1.2130672974,0.0725712228,0.1716437744
PABPC1,-1.433155374,-0.4338510247,0.1232627402,0.3557649553,0.3733123255
RPLP0,-1.432538755,-0.7866812127,0.1043971565,0.3193394595,0.351895638
CD180,-1.4275616116,0.5922833584,0.2502702763,-0.1373657921,0.6270916333
SF3A1,-1.4148116837,-0.5517625469,-0.1757663747,0.4406584233,-0.1760932688
SLC25A5,-1.4091165069,-0.4016252718,-0.2681361994,-0.0195711441,0.0672843726
FKBP1A,-1.4082342169,-0.5570027969,0.5999755428,-0.1297234479,0.8394706054
RPL23,-1.4017281232,-0.7932757761,0.1954620313,-0.2228468095,0.1760796127
ATIC,-1.3901995846,-0.4915808733,0.0211120903,0.2710973129,-0.1851771204
CDC2,-1.3874512685,-0.5335757344,0.3554678352,0.1028893739,0.0228007974
EEF1A1,-1.3764859375,-0.2695830819,0.2189468964,0.2682739289,0.207885567
ACTR2,-1.3739316241,-0.4207271506,0.1584058581,0.0225994594,-0.0392852149
ACTB,-1.3697069415,-0.3385375308,0.0430384199,0.0599484298,-0.0159277695
APEX1,-1.365117478,-0.375709318,0.110512506,0.8118042409,-0.5599098943
NME1,-1.3628600368,-0.6216369313,0.4805131178,0.174675224,0.0686955769
RPS21,-1.3595685125,-0.0940638852,0.0886794008,0.9262292448,-0.0224831203
IARS,-1.3532753431,-0.2255416049,-0.4607214419,0.1658979602,-0.0541104206
RPL5,-1.3469453655,-0.4589982418,0.46173193,0.3350108699,0.2363507592
ARMC9,-1.3430739347,-0.1245154162,0.4186634347,0.4057891143,0.6238804605
MATR3,-1.3363240955,0.0365297192,0.4430852514,-0.2110977253,0.388263307
TXNL2,-1.3334904033,-0.6914865898,0.5090035351,0.4942261002,0.4009411453
HNRPL,-1.3203411542,-0.1275938808,0.2590757919,-0.0517473495,0.2571540618
PRPS1,-1.3174302222,-0.0879287794,0.9502750678,-0.295284447,-1.1947884799
RPS3A,-1.3143274864,-0.7882023497,0.4019065227,0.381368984,0.4248918759
RPLP2,-1.3084240077,-0.6355275973,0.1557635781,0.2750804899,0.2722047059
RPL30,-1.3003045164,0.1770903221,0.2367647461,-0.2442494464,-0.1876147841
ACOX2,-1.299990298,-0.3622938241,0.0822055317,0.3559717435,0.0739751299
SNRP70,-1.29602962,-0.344519338,-0.3567346792,0.4292834367,0.841976917
HN1,-1.2929082526,-0.3618373289,0.0861096398,-0.4357178323,0.1695351989
C14orf166,-1.2905301463,-0.0519989407,-0.1436261566,-0.3373434908,-0.4514537552
CAND1,-1.2800837889,-0.5747761175,0.3784281158,0.5866962352,0.1740068473
RPS12,-1.2694995599,-0.4751355285,0.1975549013,0.1170056416,0.3531465041
PSMA7,-1.2600086847,-0.2033342137,-0.1091892614,0.3647541869,0.1895314083
PIGO,-1.255456445,-0.4663700736,0.2800494377,0.2748591585,0.674876885
PCBP2,-1.2492363625,-0.4071834016,-0.2443348284,0.3545095785,-0.1200441904
PAFAH1B1,-1.2442347736,-0.2566706673,0.545281278,0.4386241069,0.3007321212
RHOC,-1.2312027926,-0.5352993994,0.4814233725,0.6769584358,0.184575512
RAC2,-1.2253665499,-0.5740356133,0.1341192562,0.5050108293,0.3046184133
ACTA2,-1.2115872988,-0.5149652408,-0.1926063319,-0.1349249168,-0.3000674741
HSPD1,-1.2110718041,-0.2826266262,0.3373064523,0.0624186176,0.1698776099
NUDT21,-1.2093956174,-0.176579945,0.1157645596,-0.4083674828,0.0361768057
U2AF2,-1.206082079,-0.3234922142,-0.0639841827,0.1454206893,0.2003163217
RAN,-1.1975736522,-0.2717723996,0.269835853,0.1976122755,0.2767840433
RANGAP1,-1.1956031991,-0.7902553592,-0.0882357235,0.3066061932,0.702163129
HSP90B1,-1.1883300281,-0.3980953437,0.0681263316,-0.0976602674,0.1692935984
RPS17,-1.1847625702,-0.260187187,0.1426046489,0.4841844251,-0.1371659752
FH,-1.1836400628,-0.4919521106,0.0550679147,0.0959301077,-0.2593449569
LSM4,-1.1816514836,0.1489919157,-0.2298388012,0.2966061391,0.1829075475
,-1.172683435,-0.1342177963,-0.083126322,0.1742577556,0.1879925875
RBMXL1,-1.1686749605,-0.9681937897,0.3318499516,0.338123685,-0.0871013184
SRP9,-1.168153689,-0.4355252846,0.1708996936,-0.0584722306,0.1187550934
PSMA6,-1.1624775569,-0.3340688975,0.3857053725,0.0490912983,-0.0643154882
RBM14,-1.1558217827,-0.2547061366,0.6417573575,0.3542146279,0.9892576851
SCP2,-1.1483554802,-0.4797435927,0.3976404045,-0.1329276063,-0.1679273079
AHCY,-1.1442272333,-0.6118107347,-0.1813463093,0.9983533768,0.2155032919
DSTN,-1.1437701966,0.613053923,-0.071405981,-0.1372064701,0.0761763485
YWHAH,-1.1421813187,0.1678349846,0.200211666,0.2815175651,0.0430821309
NAP1L1,-1.1418382488,-0.2841825007,-0.506414263,0.5120968168,-0.0832385507
DDX1,-1.1415611275,-0.2317117241,-0.4292764017,0.1800695904,0.3141715144
UBE1,-1.1365312277,-0.7682858918,0.1051643104,0.5432400853,0.5108589169
PRPH,-1.136276757,-0.1957952261,0.2098584443,0.1022459489,-0.0270556342
CSNK2B,-1.1321758515,-0.4530388497,-0.2181329526,0.6547975887,-1.1422569492
RPS3,-1.1301424697,-0.3081845607,0.1044740377,0.210688174,0.0672595283
MCM4,-1.1299717005,0.0402672659,-0.0452667598,-0.1537336332,0.6150017974
UBE1,-1.1283743696,-0.3810968884,0.1154939945,0.0713315898,0.0983931609
,-1.1266713097,-0.4791747529,0.5607441435,-0.1741376958,0.864686439
SUPT16H,-1.1264575129,-0.3710526194,0.669712429,0.1868193351,0.5807184251
PDIA4,-1.1235863704,-0.3107137138,0.1854747108,0.2404968276,0.0184970308
,-1.1235541496,-0.9910988713,0.0317079459,-0.356227862,0.2585015121
PFDN2,-1.1214849784,-0.3371199244,0.7272639777,-0.0602240898,1.4744691433
CBX3,-1.1133713854,-0.2825086038,0.8867373506,-0.0155056258,0.2392261205
CSE1L,-1.1084071137,-0.4247684341,0.0364791527,0.5680631018,0.1471494882
CORO1A,-1.1076265039,-0.2501617874,-0.0305880301,-0.0317755362,0.0230804762
MCM3,-1.1073992926,0.1741949087,-0.1052643334,0.4478381028,0.4187632239
ANP32A,-1.1052366071,-0.0147534905,0.0278770884,-0.176350113,-0.1612652894
HNRPAB,-1.1044008523,-0.3522879189,0.4201588581,0.0982725206,0.4860091432
H2AFY,-1.1042794565,0.1920858342,0.1143057188,-0.1174486436,-0.1372422998
SET,-1.1028754109,-0.4550207969,-0.1132304422,0.3060073564,0.135735247
PARK7,-1.1010936805,-0.2754466098,0.4975529151,-0.5568335982,0.0761009472
FLNA,-1.1007341568,-0.3175766518,-0.0171110707,-0.421800086,-0.0456956428
HNRPA1,-1.0991342511,-2.0452119573,0.4717792063,0.1700782672,0.1527142114
HNRPR,-1.0960538567,-0.4134795925,0.3666849653,-0.278135475,0.0118995011
KIAA1967,-1.0950642923,-0.2281847762,0.239906231,-0.1889172956,0.228124833
CCT8,-1.0921748108,-0.2973263681,0.2266080633,0.1606088229,0.0980220408
GMPS,-1.0888341054,-0.0159377259,0.0379117494,0.5595100422,0.2889586706
NCL,-1.0858641637,-0.3899541283,0.0250804235,0.3046795126,0.4060065773
IMPDH2,-1.083198879,-0.2937086526,0.3921146516,0.0161916532,0.1512645259
HNRPU,-1.081402137,-0.2204832854,0.329187894,0.3133827902,0.1446323302
VDAC1,-1.0785574367,-0.0270781132,0.4510662736,0.6238054317,0.1427353514
LDHB,-1.0779322319,-0.1417748312,0.3550997182,0.2760777914,0.23017032
GABRE,-1.0759382938,-1.1278286157,-0.0708248882,0.0389312905,0.1100383885
CNN2,-1.0685479246,0.218763598,0.1796842568,-0.3952919227,0.2132487201
HSPH1,-1.0684152822,-0.086245139,0.3526933805,-0.216914563,-0.0388191337
HNRPM,-1.0661123136,-0.446582316,0.236254007,0.1705684033,0.1238628259
RPS6,-1.0626961888,-0.1902828105,0.0404908882,0.3158412641,0.1947571292
ALK,-1.0611202472,-0.4690001596,0.1494106282,0.146512063,0.221019389
PPIAL4,-1.0585150865,-0.2902799114,0.2480414133,0.2862723213,0.1638444345
EEF2,-1.0527484159,-0.3038112908,0.1193224722,0.253039731,0.1395548782
PSMC3,-1.05237813,-0.852813582,-0.0830456606,0.7338299199,0.0698192006
ADA,-1.05218809,-0.3019493461,0.0722534019,0.4002094766,0.3246096786
CCT6A,-1.0440966419,-0.4148747201,0.2138883357,0.0130601055,0.2207417053
HCLS1,-1.0425923081,-0.7899680924,0.3536048278,0.5119318308,0.6079799167
ACTN4,-1.0399079097,-0.0675818067,0.8784503106,-1.1885692739,0.1424489579
RPL12,-1.0363670743,-0.3508404416,-0.1270024875,0.3530634125,-5.7874041669
C17orf25,-1.0298750472,-0.9483575105,0.1686767852,1.0112357562,0.0368767658
KPNB1,-1.0293590178,-0.2496668896,0.4439784157,0.0103032161,-0.4496126071
HNRPH1,-1.0272886592,0.0434785476,0.1380598062,0.0154841459,0.0775395991
LSM2,-1.023783514,-0.4668687478,0.0686827046,-0.6150790032,-0.2398042107
PA2G4,-1.0230758368,-0.0306697748,0.1523822994,-0.2523600543,0.2880019306
MYH9,-1.0217929788,-0.3070121047,0.0140091019,-0.0816927124,0.1437588722
,-1.01932397,-0.3498356986,0.0761383291,-0.1043392122,0.2376189359
TUBA1,-1.0144108022,-0.1669610462,0.0765771148,-0.0723492643,0.0367465974
XRCC6,-1.0129993134,-0.1644609171,0.1365981493,0.2711871271,0.2379904221
PFN1,-1.0123107258,-0.4392773584,-0.0078106224,0.1109003511,-0.0376963486
ANP32E,-1.011988868,-0.2985176006,0.5010657571,0.2794553751,0.213557726
PTGES3,-1.0055717069,0.1716220627,0.3471553866,0.7953575811,0.3743009522
BLVRA,-1.0029883063,-0.9038828796,0.0258257293,1.0172303144,0.3212030227
GART,-1.0027819792,-0.1328548978,0.0097338498,0.4514977263,0.4279741478
HNRPA2B1,-1.0023176267,-0.2961072587,-0.0666299545,0.416270106,0.2759685433
YWHAQ,-0.998620263,-0.0399016339,-0.0536270109,0.2094891329,0.3917528024
,-0.9954039844,-0.5642907962,0.2099436653,0.356077578,0.2628611512
EIF3S2,-0.9939641193,-0.6398981917,-0.0936111573,0.3153032465,0.172970707
PSMA1,-0.9854958717,-0.3638570788,0.0213588915,0.1380059052,0.0908247283
PAK2,-0.9830691756,-0.6312475309,0.2460646358,-0.5816921879,0.239403137
DNAJA2,-0.981520571,-0.5393505064,-0.7045109926,-0.1246236918,-1.2991460934
XRCC5,-0.9792117129,-0.1941910795,-0.1102509785,0.2262592666,0.0718525896
RBM3,-0.9786179781,-0.8552614411,0.2949053563,0.1362529311,-0.1654441573
STMN2,-0.977347569,0.0086925111,1.0880440588,0.4399854342,1.0098928962
RPL11,-0.9741349499,-0.461353133,-0.0285527829,-0.0616171665,0.4009093288
TUBB2C,-0.9726405877,-0.2759012605,-0.1970428749,0.0957980179,0.0436199051
SNRPD2,-0.9698238882,-0.1597287315,0.4457911018,0.0496746184,0.110829587
DNAJA1,-0.968706719,0.0157949111,-0.3056784498,0.5740162211,-0.3791486376
RPS14,-0.9652607984,-0.9488102489,0.2111833423,0.2148428174,0.3541327945
CAND2,-0.9608117842,-0.1819598055,0.5886568364,0.1687990394,0.3768009995
TMSL3,-0.9556526874,-0.0144520338,0.229627299,-0.0650572441,0.3090572821
IFI16,-0.9446495064,-0.4861714874,0.0509502705,-0.7907450965,0.3826111254
ESD,-0.940448549,-0.0775475857,0.1037771747,0.4168450047,0.3824588093
TUBB,-0.9394686834,-0.7515533467,-0.0108650113,-0.4029589841,0.0739339568
ARHGDIA,-0.9336207206,-0.6377484071,0.1801215512,0.3884650222,0.2310553889
DIAPH1,-0.9331000722,-0.0450909976,0.1879149021,0.3303073716,0.3503660313
TLN1,-0.9305552692,-0.4414255249,-0.0333603498,0.3924951872,0.5572114815
FUBP1,-0.9304997583,-0.1879781324,0.016507169,0.1512766464,0.1170272233
RPS29,-0.9249216226,-0.2093469963,0.1669694308,0.329375756,0.5213994257
ARHGDIB,-0.9200558959,0.0623272401,0.2117768593,0.0478340951,0.261751237
RPS7,-0.9191308688,-0.6022277186,0.0399442341,0.3165627878,-0.1153343642
PPIA,-0.9148977522,-0.4472922314,0.2961834819,0.1565304271,0.0308066757
EIF3S10,-0.9104566358,0.0495500578,0.5590126033,0.1473917707,0.6957930492
CCT5,-0.9092764144,-0.1649209255,0.2635813689,0.269430352,0.2005433133
PGD,-0.9078975803,0.1976702523,0.1254456245,-0.0267848887,0.1776216626
BANF1,-0.9029013162,-0.1306878454,0.3852839345,0.5907473374,0.781674111
NSUN2,-0.9013254305,0.5416671171,-0.2222159171,0.5028866082,-0.6410644779
SPTBN1,-0.8946524144,-0.0713294748,0.0353446638,-0.2500281184,0.3719557016
,-0.8906951342,0.1779114396,0.6720300537,0.2229874566,0.3274776151
PRDX5,-0.8891301571,-0.6383791225,0.4594818871,0.1954985692,0.2671819232
VCP,-0.88823697,-0.0598471949,-0.096202783,0.2878699817,0.2360484338
NASP,-0.8881405612,-0.6517138311,0.238322804,-0.0854971163,0.5389673386
YWHAB,-0.8866945017,-0.3772701896,0.0623284891,-0.021866439,0.0469923266
CCT2,-0.8816956385,-0.3730058069,0.0758283451,-0.0463036681,0.2116001416
HSPE1,-0.881387611,-0.2411461752,-0.0004704104,0.4060077355,0.225777563
H2AFV,-0.8794000869,-0.1213430857,0.288779381,0.4584479222,0.4512715984
PTBP1,-0.8763185891,-0.1545627312,-0.7796311771,0.3188089911,0.1786542639
USP14,-0.8762169411,-0.1655387589,0.4040187889,0.5703991642,-0.5391899712
TMSB10,-0.8742656239,0.1651118092,0.3844976267,0.0600693568,0.2508092174
CCT7,-0.8655400083,-0.411322594,0.1215605486,0.2527771176,0.4042523788
WDR1,-0.8631628225,-0.1669296031,-0.1275781447,0.1213883872,0.0378924792
CCT4,-0.8622581137,-0.3474510578,0.1923944266,0.1864826882,0.3148666476
RPL4,-0.8606239168,-0.3441553713,0.0476971828,0.6242405251,0.2778273116
CAPG,-0.8564895138,-0.1682975369,-0.0546779332,-0.3380343731,0.200873842
HMG1L10,-0.8564708011,0.394842837,0.1606663638,0.412049203,0.1974428074
CLIC1,-0.8539801884,-0.0836976613,-0.0861602933,0.0303199926,-0.031745568
MCM6,-0.8536848523,0.2051348831,-0.1714489572,0.1105909653,-0.4310210222
RPS27A,-0.8487656505,-1.3280029443,0.0973756471,0.5557610655,-1.2078802755
YWHAZ,-0.8485731852,-0.2565440214,0.0171797204,0.1250521058,-0.0608535529
TCP1,-0.8476960051,-0.1484004758,0.3711270443,0.2886526764,-0.0714052685
THOC4,-0.8460681693,-0.2273576022,0.3046852013,0.5082380309,-0.0873103119
TKT,-0.8438709777,-0.369867778,0.3362306561,0.3225014011,0.4678904786
PSMA2,-0.8432670795,-0.1371702829,0.0777607647,0.3900120441,0.2232567463
CAPZA1,-0.8371381214,-0.2418990531,0.2253563308,0.0933734596,0.4261487447
HSP90AA1,-0.8347381699,-0.133895812,0.1081675991,0.20367643,0.2640180699
HDGF,-0.8243632485,-0.3529523715,-0.4108298064,0.3046785323,0.7219751888
ANP32C,-0.8224391703,-0.6866821347,0.0541409155,-0.2127438346,0.3045673827
GAPDH,-0.8219588429,-0.2724518852,0.0870414889,-0.0309110265,0.1014626573
SUB1,-0.8211801789,-0.2860900414,0.1569673232,0.3181716616,0.0205520555
MSN,-0.8205181744,0.2562685733,0.1588975486,0.3598448654,-0.0376620663
H2AFX,-0.818129997,0.5273034997,0.2683697503,0.0457274027,0.7192817863
SSB,-0.8179554572,-0.6590831951,0.2236186652,0.3849625924,0.5248211699
SMARCC2,-0.8136445981,-0.2636301908,-0.1924367855,0.6212178532,0.0659945444
OXCT1,-0.8106989253,-0.2612815197,0.0547028619,-0.311501601,-0.3829542587
WBSCR1,-0.8085256057,-0.3433302208,0.2734466308,0.1217410777,0.0654349378
HNRPA3,-0.8063198476,-0.0575075767,0.1392966012,0.4677601332,0.1068516061
RDX,-0.8016548505,-0.0187527934,-0.0985273893,0.1376959919,0.1429652742
,-0.7979774746,-0.5746065924,0.4264409292,0.2073043431,0.2008168855
RPL10A,-0.7929917851,-0.7411995409,0.346965628,0.3361987486,0.3928318382
PRDX3,-0.7923609143,-0.5534669584,1.1301612324,0.5275418653,0.2851374305
TUBA6,-0.7873003866,-0.0658508434,0.0974375281,0.2542924319,0.2760088691
C14orf115,-0.7804727221,0.1341243897,0.5005837302,0.6361782872,0.3696033633
LMNB1,-0.7797293397,-0.2976352336,-0.0257942736,0.4294875216,0.1143997663
PSMC5,-0.7781984791,0.4159405525,-0.0396602247,0.3396318894,-0.4804246744
HNRPAB,-0.7780775772,-0.7601748416,0.5061400693,0.2463740998,0.593822674
TXN,-0.7713526848,-0.2969643733,-0.1579577554,0.1663758791,0.2934079144
,-0.7702610061,-0.3515963571,-0.3046941836,-0.2314828024,-0.2202581409
HSP90AA2,-0.7689830246,-0.0677551565,0.2963202905,0.2069364614,0.0502999518
ROD1,-0.7673973434,-0.0642429727,-0.1076780308,0.0873123824,-0.0490517626
PTBP2,-0.7673973434,-0.0642429727,0.1487167249,0.0873123824,-0.0490517626
HSPA9B,-0.7640077103,-0.2410446057,0.3270255583,0.1513956388,0.0054068944
FKBP3,-0.7624997628,-0.7776371615,-0.2328363681,-0.054751862,-0.3101418865
DDX17,-0.7623286037,-0.3809956552,0.0981403901,0.3871294579,0.0235014748
PAICS,-0.7610542677,-0.1532823937,0.0656170355,0.3629660862,0.3284866055
RPS11,-0.7595939116,-0.761014678,0.0230159737,0.4778228485,-0.3774016417
RPL3,-0.7585785343,-0.797806131,-0.0335713889,0.204726456,0.2919399924
,-0.754740377,0.0146201002,0.6618199575,0.7524120616,0.1143703083
,-0.7427777154,0.2202739361,-0.2053786988,0.4334899469,-0.3290915385
CFL1,-0.7420332305,-0.087528076,0.1160922633,0.2406763833,0.2763716035
HINT1,-0.7406237913,-0.2432421877,-0.0875907414,0.4003500903,0.182357304
HSP90AB1,-0.7404276019,-0.0699879041,0.3137086647,0.2389679792,0.2968354473
SNX16,-0.7377288731,-0.2615207537,0.1942266747,0.1176312069,0.0937734573
PFDN5,-0.7357196274,-0.3146654978,0.3342008509,0.2036895937,0.4565980904
ANP32B,-0.7339028549,-0.3479090525,-0.0653716636,0.0687609156,-0.2971864984
HSPA8,-0.7326456377,-0.1365003782,0.1756223787,0.1627596872,0.1562999523
PPIB,-0.7323109995,-0.5726338918,0.5101649191,-0.0606723779,-0.2885209165
PVRL1,-0.7309901029,-0.1248153487,0.5076268149,0.1694354059,0.306518512
CCT3,-0.7297189682,-0.1882035797,0.156634363,0.1885304114,0.2135568534
RPS2,-0.7294018384,-0.2405110331,0.1233892279,0.3719212132,0.5797720003
CTSD,-0.72748006,-0.142334983,-0.2069801836,0.2565644904,0.1027283357
STMN1,-0.7274152859,0.2679775894,0.1190150864,0.1314947194,0.1958599409
FEN1,-0.7226203989,-0.2430588148,0.1629850632,-0.0163174529,0.1736182264
NAPA,-0.7177434802,-0.7538651198,0.0767561975,-0.7918334518,-0.0588301453
PRDX1,-0.7174428626,-0.2920453855,0.3041296076,-0.0347059716,0.231514262
YWHAE,-0.7155151429,-0.3236722506,0.2547696147,0.1952871952,0.325006986
DNAJC8,-0.7146762164,-0.1835670622,-0.2314061053,-0.3887893024,-0.1145267173
GLO1,-0.7104707226,-0.1882053677,0.0915161209,-0.0245100558,-0.360827316
HPRT1,-0.7088235359,-0.3420326374,-0.7751183937,0.2684102842,-0.2193230036
SP100,-0.7077072209,1.4448207564,0.3333913847,0.2453198863,0.1211146488
SFPQ,-0.7062234652,-0.0136707384,0.6741856698,0.267844817,0.7943335458
IDH2,-0.7036706524,0.025635353,0.3942839627,0.2583914276,0.0974714919
TPI1,-0.7035556619,0.0766081767,-0.2264640087,0.7562902693,-0.3421092119
RPL23A,-0.7014158784,-0.3862761529,-0.1333186143,-0.1413256744,0.5821977726
PSMA4,-0.693080838,-0.25998836,0.2906801533,0.1945475417,0.1168625917
MDH1,-0.6924527706,-0.0954440905,0.0327365723,0.1193126296,0.0248385229
ARPC1B,-0.6894503848,0.0668092564,-0.3122028008,0.1286744607,-0.193471546
FKBP4,-0.6831446536,-0.1060829259,0.1977454666,0.3512941359,0.10628998
HNRPK,-0.6768088757,-0.127766299,0.0685729587,0.0668502026,0.2801158618
ARMET,-0.6752662905,0.2316833441,1.0716619343,-0.2199488695,0.0659096358
ACAT2,-0.6673666343,0.0164472246,-0.5605691275,0.0091050155,-0.0595574374
PDIA3,-0.6633318775,-0.0292881654,-0.0299250118,0.0890030779,-0.086287991
SLC25A17,-0.6607651111,-0.0002368817,0.0615543937,0.2046835983,0.0644359272
NUDC,-0.6594086348,-0.245939609,0.2905210724,0.3923330391,0.0569715811
GSTP1,-0.6562974599,0.1120538584,0.1777232402,0.3291798144,0.2944026087
HMGB2,-0.654282264,-0.0115040417,0.3373955205,0.2860806103,0.3563267435
UBE2V2,-0.6465126723,-0.08156427,1.3992448299,0.1894736146,-0.035096896
ANXA6,-0.644503079,-0.1018023454,-0.3139422817,0.229518027,0.3735417416
TALDO1,-0.6436408969,-0.3355732978,0.2011176791,0.5039294228,0.5999731237
VDAC2,-0.6431485833,-0.1749999594,0.157958444,0.405617892,0.3069677391
EIF2S3,-0.6356899383,0.793952224,0.7159121355,0.5752255361,0.0491642815
ILF3,-0.63228722,-0.7119004659,0.3411089041,0.7557730423,-0.480395567
PFKP,-0.6320079722,0.1417349294,0.4760688335,0.1028586679,0.2571673423
PRPF19,-0.6310393562,-0.3799982714,0.2953518104,-0.1035619898,0.083165924
CPB2,-0.6306529139,-0.0147184772,0.1235660264,0.0351283165,0.093289192
MYH10,-0.6238391408,-2.573419261,1.0757165841,0.2206514887,-0.2253218938
COTL1,-0.6230214518,0.009314395,-0.0858757831,0.0685580512,0.2410580327
CACYBP,-0.6212388758,-0.0306473362,0.2408082803,0.4565217443,0.4349178567
PSMD7,-0.6151083661,-0.6292437936,0.3607513706,-0.0776294927,0.2105175745
STIP1,-0.6103435249,-0.3100880236,0.3477155048,0.5989334759,0.2462856106
SPTAN1,-0.6080194902,-0.2799845378,-0.6801947941,-0.4330902717,-0.0387795783
CALR,-0.6007717997,-0.2759954079,0.1413594141,0.2205763456,0.260020709
HNRPD,-0.5957342905,-0.0575535816,0.4008512865,0.3500895885,0.3183942161
MIF,-0.5877455642,-0.0809905301,0.113601857,0.1946465932,0.2652650535
HNRPCL1,-0.5846243769,-0.1040689384,0.3014498732,-0.1409355844,0.2173833081
RALY,-0.5603549671,-0.3903353209,0.5007538286,0.3424828883,-0.0165567293
PGAM4,-0.5596366807,0.0378947112,0.379853295,0.3377309865,-0.2536187076
HSPA4,-0.5552119434,0.1205101191,-0.2480155902,0.4915930907,-0.261097842
ACTN1,-0.5515737284,0.1984847943,-0.2154291428,0.2087943254,0.2188826147
DYNLL1,-0.5491489817,-0.2922456173,0.1053875769,-0.1475186154,0.2159597093
PDIA6,-0.5483529287,0.5069543891,-0.5734949039,0.2085599425,0.1214173884
ADAR,-0.5450425457,0.1717275299,0.3747768226,0.1845661086,-0.65257915
GDI2,-0.5427186276,-0.2064748824,0.2656908569,0.3324539148,-0.339824353
ERP29,-0.5389115606,-0.0686065311,0.0568754377,0.6231016287,0.009620272
TPI1,-0.5365920636,0.2559447516,0.5273201301,0.216412807,0.4081537572
TPM4,-0.5226223158,-0.2415002096,0.2706009863,0.2068199916,0.3939106703
HNRPA0,-0.4992956877,0.3135818153,-0.1305994256,0.192282749,0.1549747637
GSTO1,-0.4887738112,-0.0731432601,-0.1610090113,0.3655733121,0.5092730071
STRAP,-0.4830052007,-0.5316456559,0.2134951235,0.3445603178,0.1021867584
DDX5,-0.4777793785,0.1957707314,0.1205354933,0.0691150969,0.4145873134
AKR1B1,-0.4740264986,-0.2678994641,0.2904556864,0.5874279286,0.5644961471
RCC2,-0.4712709911,-0.0608680826,-0.140947263,0.5175951383,-0.1508679071
SF3B2,-0.4594852618,0.4203459373,0.4391272682,0.4326386087,0.957751895
HNRPC,-0.4542979715,-0.8983279599,-0.34648634,0.4084076666,0.7008961001
BUB3,-0.4458748304,-0.2620918711,-0.4938647388,-0.0745870845,-0.2113322968
PCNA,-0.4387232201,-0.0702449383,0.0191885626,0.3801531345,0.237213021
BTF3,-0.4256084973,-0.5291862153,0.2461586158,-0.3122546813,1.1173944471
PGAM2,-0.4203563953,0.0982664685,0.2624339141,0.1927398396,0.3673768858
,-0.4151371319,-0.040627959,0.187706412,1.0734436414,0.5263875671
MYL6,-0.4100320531,0.0860043313,0.0176762484,0.1976264763,0.1313531687
ENO2,-0.4022790212,0.07662359,0.8807526077,0.5944908884,0.2391683502
PLS1,-0.3973581097,0.2171696528,0.273870652,0.1779193608,0.1864815967
PKM2,-0.3893527212,0.0023826267,0.060787613,0.1056052936,0.2721497421
MTPN,-0.3799657008,-0.0900571371,2.1490443501,-1.4657886563,0.5143419112
CAPZB,-0.3788275808,0.1664954206,0.061652918,0.2465374967,0.6306869687
CAP1,-0.3541140423,-0.2447590727,0.2070629046,0.3117095136,0.0321092841
RPS19,-0.3499489017,-0.4508863096,0.2054361592,0.3749638495,0.2214820617
NAP1L4,-0.3466970016,0.1215077871,-0.1868352046,0.5012851718,-0.0421957398
HSPA5,-0.3427383576,-0.0694313238,0.2444222109,0.1271959837,0.0241105795
GSPT1,-0.329861011,-0.2651683778,0.2291817522,0.3718990893,0.369045108
HNRPDL,-0.3270754365,-0.3706273111,0.9061450316,0.6387493418,0.0068192473
RBM39,-0.3125455963,0.6418120498,0.2658329178,-0.1939130688,-0.6022848867
XPO1,-0.3113348936,-0.0836886846,-0.1976340151,-0.1835240552,-0.8677788544
VIL2,-0.3080655557,-0.4227283637,-0.5184242168,0.7050405744,-0.1228851882
PARP1,-0.30070581,0.3104796185,0.3394012562,0.3130896087,0.7043016961
SEPT9,-0.2977386916,-0.2673097058,0.1720238971,0.2984384336,0.0552311611
EPRS,-0.2955199537,0.4524147165,0.4998961389,-0.1232411716,0.3690396576
KHSRP,-0.2951405872,-0.6466316059,0.3873525515,0.5223771199,0.3323811113
HIST1H2AA,-0.2842969588,0.4263692509,-0.3908619743,0.2054198762,0.1394173969
CAPZB,-0.2765168166,-0.2854040962,1.0245478195,0.6033805825,0.3948803164
YARS,-0.263658819,0.3025917431,0.450533484,0.669838662,0.0087826122
DNAJB1,-0.2559565872,0.6554656928,0.8032106157,-1.0446792983,0.1200696326
NUDT5,-0.2456899765,-0.1990737273,0.4253892608,0.762492409,0.684090649
ALDOA,-0.2236603979,0.157983871,0.0136035529,0.299680646,0.3176520841
RPL27,-0.2200723412,-0.4752048516,0.1837938675,-0.2266382859,0.9693345423
PSME2,-0.2199332084,0.0704969765,0.7119191824,0.6916441852,0.7429040154
SF3A3,-0.2158666111,-0.1100483636,-0.7806799731,1.0170628584,-1.0907374142
PSMD10,-0.2089390148,0.411094121,0.3445024171,0.8026230911,0.6579156667
YWHAG,-0.1976447288,-0.4381047557,-0.0087558268,0.1690556674,0.5274732909
P4HB,-0.1848664638,0.0180936239,0.4266587662,0.4346928604,-0.0911454335
GPI,-0.178438481,0.0941052473,0.2093845208,0.1132148288,0.1313064772
LDHA,-0.1756806589,0.4162086686,0.1628504902,0.1645847532,0.1395665192
HBA1,-0.1649684292,0.2150698392,-0.7103961136,3.1446198353,0.2683265131
GARS,-0.1009059355,0.0152380213,-0.108524439,0.5888547084,0.414752651
EDARADD,-0.0894465887,0.2459905566,0.2758522226,0.2195830241,0.3927830809
FNBP1,-0.0845554335,0.0943201327,0.0666434373,-0.3718115092,-0.071823683
LDHAL6B,-0.0622246929,0.3232165412,-0.0015333856,0.3807560192,0.1476213083
ALDOC,-0.0600311808,0.3147538403,0.0115646385,0.1652741424,0.0640081664
MT1G,-0.0432779241,-0.0161680613,0.1652575408,0.7782848362,-0.0930924726
VAT1,-0.0361734287,0.2275688376,1.6006491704,1.5620576103,-0.1004648679
ENO1,-0.0033519231,0.1456463015,0.1410553283,0.0870964799,0.28929087
PGK1,0.0206409035,0.2492856502,0.249909995,0.1459227445,0.1958599876
HYOU1,0.0905945676,-0.275532612,1.1981908559,0.1960437357,-0.0053878109
LUC7L2,0.133205555,-0.5462384433,0.5279597339,-0.2875374559,0.3929396395
UBE1,0.1440980622,-0.7488890759,0.2651153753,0.2273189834,-0.6197850784
,0.1639897256,0.0863753434,0.2959564849,0.0970658345,0.3202672091
SGTA,0.1704849469,-0.2762449243,0.3796138587,0.1173624324,0.1999069515
PSAT1,0.2630430232,0.8053747175,0.420872329,0.9119355428,0.4095305681
PHGDH,0.2640427564,0.4803678369,0.338316109,0.1323757181,0.3050861758
ENO3,0.30363901,0.1921679536,0.0259768807,-3.4938553242,0.2055049927
AARS,0.3298899982,0.5132410793,0.2773343445,-0.0248317791,-0.0761144532
HNRPF,0.4276774928,-0.1073811431,0.185670299,0.5440706565,-0.2192727887
AK2,0.4361351136,-0.2105946616,-0.2753198403,0.0408014022,0.8344604353
ADH5,0.6902327355,0.2622051287,0.8281928426,-1.2687278299,0.8542766269
SEPT6,1.2096959351,-0.1429187496,0.3649068582,2.4651139247,-0.0992567213
